,1,2,3,4,5,6,7,8,9,10,11,12,13,14,15,16,17,18,19,20,21,22,23,24,25,26,27,28,29,30,31,32,33,34,35,36,37,38,39,40,41,42,43,44,45,46,47,48,49,50,51,52,53,54,55,56,57,58,59,60,61,62,63,64,65,66,67,68,69,70,71,72,73,74,75,76,77,78,79,80,81,82,83,84,85,86,87,88,89,90,91,92,93,94,95,96,97,98,99,100,101,102,103,104,105,106,107,108,109,110,111,112,113
1,0,592,789,333,608,779,972,417,366,628,728,795,958,828,801,601,670,893,1015,1046,1113,1110,746,708,890,1083,1110,1017,1242,1221,960,876,1039,859,1047,1252,1137,1437,846,788,1175,923,1052,1009,1168,1026,1248,308,376,261,640,326,341,529,759,927,1006,559,870,1019,611,817,783,1149,1054,836,1114,958,1087,1242,1342,1180,997,1279,1412,1407,1277,1029,1076,1272,1195,1307,1277,1262,1165,1223,1207,1140,1124,1278,921,1295,1237,1122,1008,876,1110,1008,1120,1345,1224,1078,1221,1008,1169,1246,1195,1379,1102,1273,1187,1363,1332
2,588,0,405,646,338,508,730,761,481,484,458,613,715,793,766,566,710,662,763,803,870,868,711,673,855,920,858,774,1000,978,925,841,1005,824,884,1009,895,1185,811,753,1140,888,1017,974,1133,991,1213,388,307,432,255,535,619,614,516,685,971,573,628,984,576,782,748,907,811,801,871,715,925,990,1099,938,755,1106,1170,1165,1035,994,1041,1238,1160,1065,1034,1020,1130,1188,965,1105,1089,1035,886,1053,994,1087,973,841,1075,973,1085,1103,1189,1043,1186,973,1135,1211,1160,1344,1067,1238,1152,1328,1297
3,801,421,0,860,413,315,579,820,572,575,403,400,595,884,857,657,757,632,679,683,707,747,802,764,946,890,749,654,879,858,1016,931,1095,914,854,888,774,1127,902,844,1231,979,1108,1065,1223,1081,1304,602,520,646,212,748,749,704,396,564,1062,664,507,1074,667,873,839,786,691,892,751,595,895,931,979,817,634,1076,1049,1044,914,1085,1062,1336,1250,944,914,899,1220,1125,844,1196,1180,914,977,932,873,1178,1064,932,1166,1063,1175,982,1280,1134,1277,1064,1225,1302,1251,1435,1158,1329,1243,1419,1388
4,318,648,765,0,516,642,859,289,253,515,591,682,845,711,679,479,512,772,901,933,1000,997,625,587,768,962,997,904,1129,1108,847,762,918,737,926,1138,1024,1241,733,675,1054,810,939,896,1054,912,1135,365,433,317,696,271,277,423,646,814,893,401,757,905,490,704,670,1036,941,723,1001,845,966,1072,1229,1067,884,1158,1299,1294,1164,908,955,1159,1081,1194,1163,1149,1051,1110,1094,1027,1011,1164,808,1182,1123,1009,895,763,997,894,1006,1232,1111,965,1108,895,1056,1133,1082,1266,989,1160,1074,1250,1219
5,629,353,403,596,0,280,557,564,316,319,230,385,543,628,601,400,544,458,559,631,743,696,546,508,690,717,654,602,828,806,760,675,839,658,681,837,722,982,646,588,975,723,851,809,967,825,1048,429,348,473,255,576,493,448,344,513,806,408,456,818,411,616,583,735,639,636,699,543,721,786,927,765,582,902,998,992,862,829,876,1072,994,893,862,848,964,1075,792,940,924,863,721,881,822,922,808,676,910,807,919,930,1024,878,1021,808,969,1046,995,1178,902,1073,986,1163,1131
6,823,504,306,749,308,0,576,716,468,472,298,397,526,780,753,553,652,527,628,614,681,679,698,661,842,785,723,585,811,790,912,828,992,811,749,820,706,1051,799,740,1127,875,1004,961,1120,978,1200,624,542,668,307,770,645,601,327,496,959,561,439,971,564,769,735,718,622,788,682,526,790,855,910,749,566,971,981,976,846,982,957,1231,1147,876,845,831,1117,1143,776,1093,1076,846,873,864,805,1074,961,828,1062,960,1072,914,1176,1030,1174,960,1122,1199,1147,1331,1054,1226,1139,1315,1284
7,1002,829,599,926,610,612,0,893,645,691,601,445,647,957,930,730,865,892,718,735,694,799,875,838,1019,1092,767,706,910,910,1089,1005,1169,988,1056,941,826,1145,975,917,1304,1052,1181,1138,1297,1155,1377,859,777,902,620,890,822,778,448,616,1136,738,559,1148,740,946,912,839,743,965,803,647,963,949,1031,869,686,1116,1101,1096,966,1158,1161,1402,1324,996,966,951,1294,1177,896,1269,1253,967,1050,984,926,1251,1137,1005,1239,1137,1249,1034,1353,1207,1350,1137,1299,1375,1324,1508,1231,1402,1316,1492,1461
8,429,773,771,298,522,649,865,0,256,521,598,688,851,675,644,444,476,737,870,939,1006,1003,589,551,733,926,965,910,1136,1114,853,769,883,702,890,1145,1030,1205,740,681,1018,816,945,902,1061,919,1141,490,558,443,681,396,360,429,652,820,900,366,763,912,454,710,676,1043,947,729,1007,851,930,1037,1235,1073,890,1122,1306,1300,1170,872,919,1166,1088,1201,1170,1156,1116,1165,1100,1033,1017,1171,814,1189,1130,1015,902,769,1003,901,1013,1238,1117,971,1115,901,1063,1139,1088,1272,995,1167,1080,1256,1225
9,391,501,517,286,269,395,612,253,0,267,344,434,597,468,440,240,294,533,654,685,752,750,386,348,529,723,749,656,882,861,600,515,679,498,687,891,777,1077,486,427,815,563,691,649,807,665,888,389,457,342,428,278,211,175,398,567,646,183,510,658,251,456,423,789,693,476,753,597,727,881,981,820,637,919,1052,1047,917,669,716,912,834,947,916,902,804,863,847,780,764,917,560,935,876,762,648,516,750,647,759,985,864,718,861,647,809,886,835,1018,742,913,826,1003,971
10,614,484,556,538,292,433,655,505,257,0,273,538,640,595,568,368,329,396,497,728,681,793,513,475,657,654,592,699,821,903,727,642,806,625,618,934,820,919,613,555,942,690,819,776,934,792,1015,547,466,566,411,502,434,318,441,610,773,345,553,785,378,584,550,832,736,603,796,640,659,724,956,862,680,840,1027,1122,960,796,826,1100,961,990,959,945,932,1012,890,907,891,960,688,978,919,889,775,643,877,775,886,1028,991,845,988,775,936,1013,962,1146,869,1040,954,1130,1099
11,730,468,391,695,214,269,546,662,414,260,0,274,531,677,649,449,387,262,363,619,547,684,595,557,608,521,459,590,688,794,808,817,824,643,485,825,711,786,695,636,862,772,900,857,1016,874,1097,531,449,575,290,659,591,475,332,501,855,503,444,867,460,665,631,723,627,684,687,531,525,590,823,753,571,707,893,988,851,814,693,967,1043,881,850,836,1057,879,781,989,973,851,769,869,810,971,857,724,959,856,968,919,1073,926,1070,856,1018,1095,1044,1227,951,1122,1035,1212,1180
12,669,462,392,593,277,331,479,560,312,358,268,0,464,624,597,397,531,447,279,552,421,617,542,504,686,647,350,523,562,759,756,671,835,654,611,758,643,727,642,584,913,719,848,805,964,821,1044,525,444,569,352,556,489,444,265,434,802,404,377,814,407,613,579,693,560,632,620,464,547,532,696,686,503,698,767,862,784,825,743,1103,990,903,783,769,961,1005,713,936,920,784,717,802,743,918,804,672,906,804,915,851,1020,874,1017,804,965,1042,991,1175,898,1069,983,1159,1128
13,937,730,594,861,545,599,636,828,580,626,536,379,0,892,865,665,800,827,694,426,498,691,810,772,954,1027,681,701,629,826,1024,940,1103,923,990,905,821,901,910,852,1158,987,1116,1073,1232,1090,1312,794,712,837,615,825,757,713,299,307,1070,672,533,1082,675,881,847,638,538,900,767,642,821,726,764,834,681,897,835,930,962,1093,988,1347,1259,971,961,947,1229,1152,892,1204,1188,962,985,980,921,1186,1072,940,1174,1072,1183,1029,1288,1142,1285,1072,1233,1310,1259,1443,1166,1337,1251,1427,1396
14,752,749,766,641,517,643,860,608,395,550,592,683,846,0,263,416,488,703,877,934,1001,998,379,420,643,893,942,905,1130,1109,602,483,489,612,936,1023,1025,1134,488,430,812,565,693,651,809,667,890,750,731,693,676,639,572,424,646,815,689,377,758,582,421,213,235,1037,942,232,1001,846,896,1003,1115,995,885,1032,1111,1091,1175,644,830,914,836,1017,1164,1150,806,865,1095,782,766,1165,563,1183,1124,764,650,518,752,649,761,1233,866,720,863,650,811,888,837,1021,744,915,828,1005,974
15,818,810,826,665,577,704,921,631,455,611,653,743,906,266,0,327,511,680,854,994,1038,1059,236,451,676,870,919,965,1179,1131,635,515,522,645,834,1056,1086,1149,521,463,844,598,727,684,842,700,923,811,792,753,737,700,632,484,707,876,657,400,819,669,398,399,229,1098,1002,420,1062,906,874,980,1148,1028,946,1065,1144,1124,1208,677,862,947,869,1050,1225,1163,840,898,1156,815,799,1226,596,1244,1185,797,683,551,785,683,794,1294,899,753,896,683,844,921,870,1054,777,948,862,1038,1007
16,599,585,601,445,352,479,696,411,236,386,428,518,681,406,328,0,291,492,666,769,850,834,233,195,498,682,731,740,990,944,584,477,483,467,645,1006,860,960,471,412,784,548,676,633,792,650,873,596,566,528,512,485,417,259,482,651,654,181,594,666,210,423,349,873,777,417,837,681,686,792,1065,903,720,888,1094,1073,1001,638,685,897,819,999,1000,986,789,930,931,765,749,1001,545,1019,960,747,633,501,735,632,744,1068,849,702,846,632,794,871,820,1003,727,898,811,988,956
17,688,691,763,514,499,640,828,480,331,317,453,621,813,532,500,300,0,344,518,974,702,966,445,408,538,596,584,872,843,1040,685,601,753,540,559,1202,993,888,571,513,752,648,777,734,893,751,973,686,672,639,618,575,508,392,614,783,731,164,726,744,311,542,508,974,910,561,969,813,599,692,978,1131,853,781,1048,1143,1133,743,654,1018,920,1185,1132,1118,921,899,1063,865,849,1133,646,1151,1092,847,733,601,835,733,845,1201,949,803,946,733,895,971,920,1104,827,998,912,1088,1057
18,784,549,500,708,324,378,655,675,427,273,146,331,641,718,686,512,253,0,229,684,413,859,658,523,474,386,324,700,554,751,911,682,689,508,350,913,820,652,760,702,728,837,976,923,1081,939,1162,613,531,656,399,671,604,488,441,610,920,344,553,1006,403,730,697,685,706,750,796,641,391,456,688,841,680,572,759,854,960,679,558,832,924,895,959,945,922,744,890,908,936,960,835,978,919,1036,922,790,1024,921,1033,1028,1138,992,1135,921,1083,1160,1109,1237,1016,1187,1100,1277,1245
19,826,619,548,750,434,488,659,717,469,515,400,157,678,781,754,554,609,444,0,689,417,864,699,661,719,644,346,680,558,755,913,828,934,753,607,917,800,724,799,741,909,876,1005,962,1120,978,1201,682,601,726,509,713,646,601,422,618,959,561,534,971,564,770,736,689,710,789,777,621,543,528,693,846,660,695,763,858,941,924,739,1099,1147,900,940,926,1078,1002,870,1090,1074,941,874,959,900,1075,961,829,1063,961,1072,1008,1177,1031,1174,961,1122,1199,1148,1332,1055,1226,1140,1316,1285
20,961,754,618,885,569,623,660,852,604,650,560,403,364,916,889,689,824,828,639,0,489,378,834,796,978,1027,629,447,418,561,1048,964,1127,947,991,592,568,654,934,876,1057,1011,1109,1097,1256,1114,1336,817,736,861,639,849,781,736,323,234,1094,696,318,1106,699,905,871,325,224,924,454,388,769,619,517,520,428,767,587,683,744,1117,887,1022,1027,647,707,699,1103,828,638,1029,1013,708,1009,726,667,1210,1096,964,1198,1096,1207,776,1312,1166,1309,1096,1257,1334,1283,1327,1190,1361,1275,1451,1327
21,1090,883,728,1013,698,741,701,981,733,720,593,469,497,1074,1042,869,720,555,366,476,0,651,1014,879,830,755,354,705,346,543,1267,1039,1045,864,719,705,825,617,1063,1004,831,1140,1162,1226,1270,1242,1465,946,865,990,748,977,910,865,452,438,1223,791,576,1235,760,1033,1000,477,498,1053,734,646,494,450,480,633,685,616,551,646,857,1035,661,1020,1087,687,916,812,999,868,895,1011,995,966,1131,984,925,1339,1225,1086,1319,1216,1287,1033,1433,1295,1451,1224,1386,1463,1308,1340,1319,1391,1403,1493,1363
22,1133,926,790,1056,741,795,831,1024,775,822,731,575,808,1088,1060,860,995,1026,837,475,704,0,1005,968,1149,1226,827,471,616,531,1158,1135,1299,1118,1189,562,591,788,1106,1001,1165,1101,1079,1169,1258,1186,1408,989,907,1033,810,1020,952,908,639,651,1266,868,429,1278,871,1076,1042,419,293,1095,424,412,967,817,734,490,451,965,738,717,714,1183,1085,992,997,617,731,669,1073,798,661,999,983,732,1063,750,691,1326,1212,1018,1251,1149,1267,799,1365,1238,1382,1168,1330,1407,1296,1297,1262,1325,1347,1427,1297
23,576,573,590,466,341,467,684,432,219,375,417,507,670,341,217,186,312,512,686,758,825,822,0,274,497,702,752,729,954,933,456,336,343,466,666,877,849,981,342,284,666,419,548,505,664,522,744,575,555,517,500,463,396,248,471,639,542,202,582,554,230,330,238,862,766,306,826,670,706,813,970,892,709,886,966,945,989,498,684,769,691,871,989,974,661,719,919,636,620,990,417,1007,949,618,504,372,606,504,616,1057,720,574,717,504,666,742,691,875,598,769,683,859,828
24,735,721,738,582,489,615,832,548,373,523,565,655,818,447,449,208,428,518,692,906,876,970,353,0,390,694,758,877,1017,1081,585,356,363,358,683,1018,997,970,542,493,675,559,688,645,804,662,885,733,703,665,648,622,554,396,619,787,683,318,730,695,250,436,402,1009,914,447,974,818,712,819,1152,989,857,779,1106,1085,1137,529,576,940,831,1011,1137,1122,773,822,1067,856,787,1138,557,1155,1097,758,645,512,747,644,756,1205,860,714,858,644,806,883,831,1015,738,910,823,1000,968
25,859,845,861,705,612,739,956,671,496,646,620,750,941,666,606,488,429,474,647,1103,831,1094,579,349,0,475,642,1000,865,1169,736,508,515,334,453,1028,1121,839,694,626,599,778,802,864,1022,880,1103,856,826,788,772,745,677,519,742,911,901,441,854,913,323,654,620,1103,1124,665,1097,941,564,671,1059,1000,980,683,1074,1126,1180,505,500,864,842,1022,1239,1136,748,746,1191,831,762,1261,775,1279,1220,977,863,731,965,862,990,1329,1079,933,1076,862,1024,1101,1050,1160,957,1128,1041,1218,1186
26,942,708,658,723,482,536,813,689,585,431,304,442,799,655,624,450,387,158,340,795,524,970,595,454,379,0,306,858,530,824,853,625,632,406,188,859,978,503,721,663,566,798,919,884,1005,900,1123,771,689,814,557,830,762,537,600,768,881,502,711,944,341,692,658,796,817,782,1016,799,228,335,724,831,838,410,738,790,1011,622,396,670,762,864,1070,966,734,582,1048,746,730,1118,796,1136,1077,997,883,751,985,883,994,1186,1099,953,1096,883,1044,1121,1043,1075,977,1126,1062,1228,1099
27,987,780,709,910,595,649,764,878,630,581,454,318,660,935,903,730,581,345,215,581,310,756,875,740,691,497,0,810,308,647,958,900,906,594,419,699,882,378,960,801,563,901,895,969,1002,986,1275,843,761,887,670,874,806,762,614,601,1120,652,681,1132,620,930,896,582,603,949,817,751,226,182,514,717,790,348,540,665,851,830,393,753,819,665,910,806,732,643,914,743,727,984,863,1002,943,1126,1012,818,1051,949,1019,1052,1165,1061,1184,968,1130,1266,1041,1072,1062,1123,1147,1225,1096
28,987,780,644,911,595,649,686,878,630,676,586,430,692,942,915,715,850,877,709,549,718,412,860,822,1004,1077,779,0,629,444,1071,990,1154,973,1041,475,370,702,960,902,1078,1037,992,1123,1171,1140,1362,844,762,887,665,875,807,763,493,589,1120,722,367,1133,725,931,897,499,373,950,433,190,976,831,647,403,230,879,651,631,510,1097,1033,905,911,531,509,495,987,712,440,912,896,510,977,528,469,1236,1122,932,1165,1062,1180,578,1279,1192,1335,1122,1284,1360,1209,1210,1216,1238,1301,1340,1211
29,1224,1017,881,1148,832,886,896,1115,867,827,700,576,616,1138,1106,932,827,574,474,421,336,596,947,986,862,676,280,650,0,369,949,978,975,689,598,442,626,261,959,792,658,892,870,961,1097,977,1200,1081,999,1124,902,1112,1044,1000,571,564,1217,898,520,1229,823,1168,1134,421,443,1111,561,591,387,230,264,460,630,368,283,367,594,925,488,783,789,409,653,550,826,590,657,838,822,728,855,746,687,1118,1004,810,1043,940,1058,795,1157,1030,1173,960,1121,1198,1135,1088,1054,1116,1139,1218,1089
30,1210,1003,867,1134,818,872,909,1101,853,899,809,652,873,1165,1029,938,1079,914,726,631,593,497,813,1045,1189,1021,626,447,369,0,815,844,984,837,972,219,402,329,825,658,822,758,736,827,915,843,1066,1066,985,1110,888,1097,1030,985,827,729,1083,945,506,1095,948,1113,1050,584,458,977,248,449,683,555,274,148,529,605,278,258,371,841,758,649,655,275,430,327,731,456,434,656,640,505,721,522,464,984,870,676,909,806,924,572,1023,896,1039,826,987,1064,953,954,920,982,1005,1084,955
31,885,882,899,775,650,776,993,741,528,683,725,816,979,649,525,495,621,821,995,1067,1134,1131,309,582,837,1011,1060,1038,1152,994,0,411,603,806,975,919,1102,1030,363,435,829,461,589,547,705,563,786,883,864,826,809,772,705,557,780,948,639,510,891,658,539,567,546,1170,1075,524,1072,979,989,1082,1011,891,1018,969,1007,987,1071,746,785,810,732,913,1130,1026,702,761,1134,678,662,1204,459,1222,1163,660,546,414,648,545,657,1272,762,616,759,546,707,784,733,916,640,811,724,901,869
32,931,928,945,887,696,822,1039,853,574,729,861,991,1025,534,543,513,672,715,889,1113,1072,1177,355,407,556,861,954,1084,1213,1055,357,0,322,525,849,980,1163,1137,315,275,702,522,651,608,766,624,847,929,910,872,855,818,751,603,826,994,624,622,937,637,523,523,489,1216,1121,534,1133,1025,910,1041,1072,952,1064,945,1068,1048,1132,466,743,871,793,974,1191,1087,777,822,1195,739,723,1265,520,1283,1225,721,607,475,709,606,718,1333,823,677,820,607,768,845,794,978,701,872,786,962,931
33,1014,1000,1016,860,767,894,1111,826,651,801,834,965,1096,508,517,486,646,688,862,1184,1046,1249,421,381,530,686,927,1155,1041,1041,504,276,0,375,652,966,1149,940,462,374,520,620,650,706,865,722,945,1011,982,943,927,900,832,674,897,1066,744,596,1009,756,497,497,463,1318,1192,507,1119,1096,750,844,1059,938,1136,748,1054,1034,1118,352,546,857,780,960,1177,1074,596,791,1181,679,610,1252,618,1269,1211,819,705,573,807,705,838,1319,921,775,918,705,866,943,892,1008,799,970,884,1060,1029
34,880,866,882,726,633,759,976,692,517,667,683,814,962,645,627,467,495,537,711,1085,814,1114,558,328,331,358,580,1021,713,821,678,487,427,0,324,746,929,612,673,506,317,684,682,753,786,769,1059,877,847,809,792,766,698,540,763,931,880,462,874,893,344,634,600,1086,1058,644,899,962,422,516,832,718,1001,420,847,814,898,385,218,582,559,740,957,853,485,463,961,527,471,1031,647,1049,990,910,796,602,835,732,870,1099,949,912,967,752,913,1049,824,856,846,907,931,1009,880
35,1242,1008,959,1023,782,836,1124,989,885,731,604,697,1006,955,924,750,687,458,594,928,656,1103,792,715,629,299,422,1064,556,776,794,874,717,431,0,712,896,454,804,637,400,737,731,806,839,822,1112,1071,989,1115,857,1130,1062,837,900,947,1062,802,1027,1074,641,1020,986,928,949,1031,865,942,265,358,675,684,943,263,690,742,864,667,230,504,596,706,923,820,568,416,927,580,564,998,700,1016,957,963,849,655,888,785,856,1065,1002,898,1020,805,966,1102,877,909,899,960,984,1062,932
36,1202,995,859,1125,810,864,900,1093,844,890,800,644,907,1157,1026,929,1064,1091,923,764,826,626,809,1037,1164,1015,874,426,580,400,811,840,981,833,922,0,242,486,821,654,818,754,732,823,912,840,1062,1058,976,1102,879,1089,1021,977,708,803,1079,937,581,1091,940,1109,1047,713,587,973,489,288,736,713,440,308,289,620,436,415,210,837,773,646,651,271,269,166,727,452,273,653,637,344,717,362,303,980,866,672,905,803,920,411,1019,892,1035,822,983,1060,950,951,916,978,1001,1080,951
37,1116,909,773,1039,724,778,814,1007,758,805,714,558,821,1071,1043,843,978,1005,837,678,846,540,886,951,1132,1092,908,340,657,505,888,917,1057,910,999,413,0,563,898,731,895,831,809,900,988,916,1139,972,890,1016,793,1003,935,891,622,717,1156,851,495,1168,854,1059,1025,627,501,1078,493,198,812,790,517,464,260,696,513,492,293,914,850,722,728,348,313,298,804,529,356,729,713,426,794,444,385,1057,943,749,982,879,997,494,1096,969,1112,899,1060,1137,1026,1027,993,1055,1078,1157,1028
38,1374,1167,1150,1222,973,1028,1151,1188,1017,923,796,705,940,1154,1023,949,879,650,603,694,621,792,806,959,878,692,387,742,282,352,809,838,917,631,643,420,604,0,819,652,599,752,730,820,909,837,1060,1230,1149,1274,1049,1261,1194,1036,895,837,1076,994,794,1088,840,1107,1044,694,716,970,543,650,354,226,284,442,651,276,271,287,572,867,430,643,648,387,631,528,768,449,635,650,634,706,714,724,665,977,863,670,902,800,918,773,1016,889,1033,819,981,1058,947,948,914,976,998,1078,949
39,915,912,929,804,680,806,1023,771,558,713,755,846,1008,698,555,525,651,876,1050,1097,1233,1161,339,568,717,1022,1115,1067,1097,940,344,291,483,686,1010,864,1048,975,0,315,775,406,535,492,651,509,731,913,894,856,839,802,735,587,809,978,611,540,921,623,569,616,576,1200,1105,573,1017,1008,934,1028,957,836,1048,915,953,932,1016,627,730,756,678,858,1075,972,648,706,1079,624,607,1150,404,1168,1109,605,492,359,593,491,603,1217,707,561,705,491,653,730,678,862,585,757,670,846,815
40,806,804,820,696,571,697,914,662,449,605,647,737,900,613,447,416,542,784,958,988,1142,1052,230,486,626,726,948,959,1081,983,232,295,326,415,692,908,1079,980,242,0,560,449,578,535,694,552,775,805,785,747,730,693,626,478,701,869,500,432,812,512,460,530,468,1092,996,394,1056,900,790,883,1000,879,939,788,996,975,1060,324,585,799,721,901,1118,1015,636,831,1149,718,650,1220,447,1238,1179,648,535,402,637,534,646,1287,751,604,748,534,696,773,722,905,629,800,713,890,858
41,1109,1106,1151,1035,874,1028,1217,1001,752,924,797,852,1162,854,750,776,804,651,749,1083,812,1143,533,637,640,491,578,1093,711,816,535,564,509,309,398,741,924,610,545,378,0,590,451,633,580,649,872,1108,1088,1050,1049,996,929,781,1004,1103,803,771,1183,815,653,842,808,1083,1105,697,894,970,420,513,830,713,971,418,845,897,893,351,215,575,554,735,952,848,266,458,956,322,253,1026,527,1044,985,789,676,482,715,612,639,1094,829,681,762,632,793,844,619,651,726,709,810,836,778
42,961,958,975,850,726,852,1069,816,603,759,801,891,1054,725,601,571,696,897,1095,1142,1157,1097,384,658,882,869,923,1047,928,771,539,554,708,715,804,695,879,806,437,382,588,0,254,322,481,339,561,959,940,901,885,848,780,632,855,1024,715,586,967,727,615,665,622,1184,1058,548,848,925,765,859,788,667,926,745,784,763,847,571,561,587,509,689,906,803,461,537,910,438,455,981,186,999,940,359,246,174,359,256,383,1048,473,425,535,321,483,560,508,692,415,587,500,676,645
43,987,984,1001,876,752,878,1095,842,629,785,827,917,1080,793,627,597,722,1011,1013,1130,1075,1015,411,719,876,851,841,965,846,688,413,442,582,666,758,613,797,724,423,256,462,263,0,415,438,432,654,985,966,927,911,874,806,658,881,1050,680,612,993,692,641,711,648,1102,976,574,766,843,683,777,706,585,844,663,701,681,765,445,479,504,427,607,824,721,335,455,828,253,332,899,312,916,858,575,461,267,452,332,226,966,548,268,493,414,576,665,465,651,508,555,593,683,755
44,1010,1008,1024,900,775,902,1119,866,653,809,851,941,1104,775,651,621,746,947,1121,1192,1216,1156,434,708,932,927,982,1163,987,829,615,604,796,773,862,754,937,865,487,458,664,335,428,0,306,317,345,1009,990,951,935,898,830,682,905,1074,764,636,1017,777,665,715,672,1242,1117,598,907,983,824,917,846,726,984,804,842,822,906,647,620,645,567,748,965,861,537,596,969,513,497,1039,254,1057,998,486,386,230,486,383,258,1107,600,217,360,281,196,274,261,455,196,351,422,457,537
45,1161,1158,1175,1050,926,1052,1269,1016,804,959,1001,1092,1254,926,801,771,896,1107,1173,1343,1235,1191,585,858,1144,947,1001,1141,1022,865,772,754,939,793,882,790,973,900,637,615,565,485,398,295,0,449,520,1159,1140,1102,1085,1048,980,833,1055,1224,915,786,1167,927,815,865,822,1278,1152,748,942,1019,843,937,882,761,1020,842,878,857,942,713,639,681,603,783,1000,897,603,632,1005,426,410,1075,404,1093,1034,636,536,380,543,401,189,1143,617,147,220,431,371,376,157,268,370,247,623,374,447
46,1034,1032,1048,924,799,926,1143,890,677,833,875,965,1128,799,675,645,770,971,1145,1216,1239,1179,458,732,956,951,1006,1187,1011,853,639,628,820,797,886,778,961,889,511,482,688,359,452,306,500,0,304,1033,1013,975,959,922,854,706,929,1098,788,660,1041,801,689,739,696,1266,1140,622,930,1007,848,941,870,750,1008,828,866,846,930,671,643,669,591,772,989,885,561,620,993,537,521,1063,278,1081,1022,515,410,254,510,407,445,1131,624,403,547,139,277,354,394,578,210,381,179,426,478
47,1260,1257,1274,1150,1025,1151,1368,1116,903,1058,1100,1191,1354,1025,900,870,996,1196,1370,1442,1496,1405,684,957,1181,1207,1262,1413,1236,1078,865,854,1046,1053,1142,1003,1187,1114,736,708,913,584,677,338,513,301,0,1258,1239,1201,1184,1147,1080,932,1155,1323,1014,885,1266,1026,914,964,921,1492,1366,848,1156,1233,1104,1198,1096,975,1234,1102,1091,1071,1155,897,900,894,817,997,1214,1111,787,845,1218,822,806,1289,503,1307,1248,740,635,479,735,633,578,1356,849,536,645,365,259,347,370,555,146,357,335,269,287
48,309,392,590,368,409,579,801,483,366,555,529,684,786,828,800,600,657,733,834,874,941,939,746,708,889,991,929,845,1071,1050,960,875,1039,858,955,1080,966,1256,846,788,1175,923,1051,1009,1167,1025,1248,0,177,153,440,256,341,471,587,756,1006,547,699,1018,611,816,783,978,882,836,942,786,996,1061,1170,1009,826,1177,1241,1236,1106,1029,1076,1272,1194,1136,1105,1091,1164,1223,1036,1140,1124,1106,920,1124,1065,1122,1008,876,1110,1007,1119,1174,1224,1078,1221,1007,1169,1246,1195,1378,1102,1273,1186,1363,1331
49,373,328,526,432,344,515,736,547,430,491,464,620,722,800,773,572,717,668,769,810,877,874,718,680,862,927,864,781,1007,985,932,847,1011,830,891,1016,901,1192,818,760,1147,895,1024,981,1139,997,1220,173,0,217,376,320,405,535,523,691,978,611,634,990,583,789,755,914,818,808,878,722,931,996,1106,944,761,1113,1176,1171,1041,1001,1048,1244,1166,1072,1041,1026,1136,1195,971,1112,1096,1042,893,1060,1001,1094,980,848,1082,979,1091,1109,1196,1050,1193,980,1141,1218,1167,1351,1074,1245,1159,1335,1304
50,249,433,631,308,449,620,844,423,306,568,569,666,829,768,741,540,598,773,874,917,984,982,686,648,830,1032,969,888,1114,1093,900,815,979,798,996,1123,1009,1297,786,728,1115,863,992,949,1107,965,1188,149,217,0,481,150,284,365,630,799,946,487,742,958,551,757,723,1021,925,776,985,829,1036,1101,1213,1052,869,1217,1284,1279,1149,969,1016,1212,1134,1179,1148,1134,1104,1163,1079,1080,1064,1149,861,1167,1108,1062,948,816,1050,947,1059,1217,1164,1018,1161,948,1109,1186,1135,1319,1042,1213,1127,1303,1272
51,634,254,193,692,253,294,591,652,404,407,293,411,607,716,689,489,633,521,622,695,719,759,634,596,778,780,717,666,891,870,848,764,928,747,744,900,786,1045,734,676,1063,811,940,897,1056,914,1136,434,353,478,0,581,581,537,408,576,894,496,519,907,499,705,671,798,703,724,763,607,784,849,991,829,646,966,1061,1056,926,917,952,1161,1083,956,925,911,1053,1138,856,1028,1012,926,809,944,885,1010,896,764,998,896,1008,994,1112,966,1109,896,1058,1134,1083,1267,990,1161,1075,1251,1220
52,301,537,735,270,497,624,841,385,248,509,573,663,826,710,682,482,539,775,896,914,981,979,628,590,771,965,991,885,1111,1089,841,757,921,740,929,1120,1006,1319,728,669,1056,805,933,890,1049,907,1130,254,322,157,585,0,156,362,627,796,888,429,739,900,493,698,664,1018,922,718,982,826,969,1123,1210,1048,866,1160,1281,1276,1146,911,958,1154,1076,1176,1145,1131,1046,1105,1076,1022,1006,1146,802,1164,1105,1004,890,757,992,889,1001,1214,1106,959,1103,889,1051,1128,1077,1260,984,1155,1068,1245,1213
53,336,618,690,267,441,568,784,345,178,440,517,607,770,640,613,413,470,706,827,858,925,923,558,521,702,895,922,829,1055,1033,772,688,852,671,859,1064,949,1250,659,600,987,735,864,821,980,838,1060,335,402,287,600,141,0,329,571,739,819,360,683,831,424,629,595,962,866,648,926,770,899,1054,1154,992,809,1091,1225,1219,1089,842,889,1085,1007,1120,1089,1075,977,1035,1019,952,936,1090,733,1108,1049,934,821,688,922,820,932,1157,1036,890,1034,820,982,1058,1007,1191,914,1086,999,1175,1144
54,475,463,480,493,231,357,574,478,230,374,306,397,560,657,630,430,547,535,636,648,715,712,575,537,719,793,746,619,844,823,789,704,868,687,757,853,739,1059,675,617,1004,752,881,838,997,854,1077,428,445,331,390,318,323,0,361,529,835,408,472,847,440,646,612,751,656,665,716,560,798,863,944,782,599,979,1014,1009,879,858,905,1101,1023,909,878,864,994,1052,809,969,953,879,750,897,838,951,837,705,939,837,948,947,1053,907,1050,837,998,1075,1024,1208,931,1102,1016,1192,1161
55,762,555,419,685,370,424,460,653,405,451,361,204,302,717,689,489,624,651,483,390,457,655,635,597,778,851,554,526,588,785,848,764,928,747,815,760,646,859,735,676,1064,812,940,897,1056,914,1137,618,537,662,439,649,581,537,0,271,895,497,460,907,500,705,671,602,502,725,623,467,751,684,723,689,506,856,793,888,786,918,946,1161,1083,816,786,771,1053,997,716,1029,1013,786,809,804,745,1011,897,764,999,896,1008,854,1113,966,1110,896,1058,1135,1084,1267,991,1162,1075,1252,1220
56,920,714,577,844,528,582,619,811,563,609,519,363,323,875,848,648,783,810,643,310,448,575,793,756,937,1010,631,600,579,730,1007,923,1087,906,974,760,720,850,893,835,1107,970,1099,1056,1215,1073,1295,777,695,820,598,808,740,696,282,0,1054,656,330,1066,658,864,830,522,422,883,622,541,770,675,714,689,580,847,784,879,860,1076,937,1190,1242,816,860,846,1212,997,790,1187,1171,861,968,879,820,1169,1055,923,1157,1055,1167,928,1271,1125,1268,1055,1217,1293,1242,1426,1149,1320,1234,1410,1379
57,1047,1044,1060,936,812,938,1155,902,689,845,887,977,1140,602,713,657,782,983,1157,1228,1295,1293,470,763,986,1218,1222,1199,1425,1298,724,639,831,907,1184,1222,1320,1333,692,552,1052,764,893,850,1009,867,1089,1045,1026,987,971,934,866,718,941,1110,0,672,1053,370,701,613,662,1332,1236,496,1296,1140,1177,1375,1315,1194,1180,1280,1311,1290,1374,816,1077,1114,1036,1216,1433,1330,1006,1064,1390,981,965,1460,762,1478,1419,963,849,717,951,849,961,1528,1065,919,1062,849,1011,1087,1036,1220,943,1114,1028,1204,1173
58,534,578,594,381,345,472,689,347,172,339,421,511,674,398,367,166,165,459,559,762,742,827,312,274,456,649,654,733,883,937,552,467,605,424,613,973,854,928,438,379,741,515,643,601,759,617,840,532,600,485,505,421,353,252,475,644,598,0,587,610,177,408,375,866,770,428,830,674,653,786,1018,896,714,845,1089,1040,994,595,642,864,786,966,993,979,839,887,924,732,716,994,512,1012,953,714,600,468,702,599,711,1062,816,670,813,599,761,838,787,970,694,865,778,955,923
59,858,652,515,782,466,521,557,749,501,547,457,301,518,813,786,586,721,748,580,436,605,384,731,694,875,948,650,365,516,495,945,861,1025,844,912,525,485,752,831,773,1156,908,1037,994,1153,1011,1233,715,633,758,536,746,678,634,364,322,992,594,0,1004,597,802,768,423,328,821,388,306,847,718,616,454,345,866,686,681,625,1014,986,956,961,581,625,611,1037,762,555,963,947,626,906,644,585,1107,993,861,1095,993,1105,693,1209,1063,1206,993,1155,1231,1180,1261,1087,1259,1172,1348,1261
60,980,977,994,870,745,871,1088,836,623,779,821,911,1074,436,646,590,716,916,1090,1162,1229,1226,404,696,920,1151,1155,1133,1358,1231,657,573,765,841,1117,1156,1253,1266,691,485,985,698,826,784,942,800,1023,979,959,921,904,867,800,652,875,1043,327,606,986,0,634,490,554,1265,1170,447,1230,1074,1110,1309,1248,1127,1113,1214,1244,1224,1308,749,1011,1047,969,1150,1367,1263,939,998,1323,915,899,1394,695,1411,1353,897,783,651,885,782,894,1461,999,853,996,782,944,1021,970,1153,877,1048,961,1138,1106
61,585,571,587,431,338,464,681,397,222,372,414,504,667,364,332,158,277,429,603,755,787,819,304,214,424,619,669,726,928,930,543,459,574,393,583,964,846,898,430,371,710,506,635,592,751,609,831,582,552,514,497,471,403,245,468,636,590,167,579,652,0,400,366,859,763,419,823,667,623,729,1063,889,706,814,1133,1032,986,564,611,856,778,958,986,971,807,856,916,724,707,987,504,1005,946,705,592,459,693,591,703,1054,807,661,805,591,753,830,778,962,685,857,770,946,915
62,780,777,794,670,545,671,888,636,423,578,620,711,874,182,381,444,516,716,890,962,1029,1026,308,448,671,906,955,933,1158,1137,710,511,517,640,964,1059,1053,1170,581,466,840,601,730,687,846,704,926,778,759,721,704,667,600,452,675,843,658,405,786,482,434,0,263,1065,970,177,1030,874,910,1016,1152,1031,913,1060,1148,1127,1211,672,858,951,873,1053,1193,1178,843,901,1123,819,802,1193,599,1211,1152,800,687,554,788,686,798,1261,902,756,900,686,848,925,873,1057,780,952,865,1041,1010
63,840,837,854,730,605,731,948,696,483,638,680,771,934,284,398,504,576,776,950,1022,1089,1086,439,508,731,966,1015,993,1218,1197,690,571,577,700,1024,1111,1113,1222,576,518,900,653,782,739,897,755,978,838,819,781,764,727,660,512,735,903,736,465,846,711,494,342,0,1125,1030,362,1090,934,970,1076,1203,1083,973,1120,1199,1179,1263,732,918,1002,924,1105,1252,1238,894,953,1183,870,854,1253,651,1271,1212,852,738,606,840,737,849,1321,954,808,951,738,899,976,925,1109,832,1003,917,1093,1062
64,1189,983,847,1113,798,852,888,1081,832,878,788,632,659,1144,1117,917,988,823,635,386,502,396,1062,1025,1098,1023,625,537,413,575,1223,1192,1314,1133,987,627,657,649,1163,1066,1053,1166,1144,1235,1323,1252,1474,1046,964,1090,867,1077,1009,965,618,529,1323,925,486,1335,928,1133,1099,0,162,1152,489,478,765,615,513,556,517,763,583,678,779,1303,883,1057,1063,683,797,735,1139,864,727,1065,1048,798,1129,815,757,1392,1278,1084,1317,1215,1332,865,1431,1304,1447,1234,1395,1472,1362,1362,1328,1390,1413,1492,1363
65,1052,846,709,976,661,715,751,943,695,741,651,495,636,1007,980,780,915,854,665,303,532,273,925,888,1069,1054,655,414,444,474,1100,1055,1219,1038,1018,504,534,680,1026,943,1083,1043,1021,1112,1200,1128,1351,909,827,953,730,940,872,828,595,506,1186,788,349,1198,791,996,962,161,0,1015,366,355,795,646,543,433,394,793,614,660,656,1126,914,934,940,560,674,612,1016,741,604,941,925,674,1006,692,633,1269,1155,961,1194,1091,1209,742,1308,1181,1324,1111,1272,1349,1239,1239,1205,1267,1290,1369,1240
66,759,756,773,648,524,650,867,614,402,557,599,690,852,220,394,404,494,695,869,941,1008,1005,183,445,668,972,934,911,1137,1010,513,507,514,637,961,934,1032,1045,400,341,836,476,605,562,721,579,801,757,738,700,683,646,578,431,653,822,492,384,765,434,413,182,300,1044,948,0,1008,852,889,995,1027,906,892,1057,1023,1002,1086,669,855,826,748,928,1145,1042,718,776,1102,693,677,1172,474,1190,1131,675,562,429,663,561,673,1240,777,631,775,561,723,800,748,932,655,827,740,916,885
67,1140,933,797,1064,748,802,839,1031,783,829,739,583,855,1095,1068,868,1003,1030,943,570,810,427,913,975,1157,1119,843,464,586,289,916,945,1085,938,1027,320,540,546,925,759,923,859,837,927,1016,944,1166,997,915,1040,818,1028,960,916,646,659,1183,875,436,1195,878,1084,1050,514,388,1103,0,420,901,773,492,248,459,724,496,475,472,941,878,750,755,375,530,427,831,556,535,757,741,605,821,623,564,1084,970,776,1009,907,1024,673,1123,996,1140,926,1088,1165,1054,1055,1020,1083,1105,1185,1055
68,917,710,574,841,525,579,616,808,560,606,516,359,622,872,845,645,780,807,639,479,648,342,790,752,934,1007,709,141,559,400,1004,920,1083,902,970,430,353,657,890,832,1034,967,947,1053,1212,1069,1292,773,692,817,595,804,737,692,423,519,1050,652,296,1062,655,861,827,429,303,880,345,0,906,761,603,359,213,835,607,586,493,1073,1029,861,866,486,493,478,942,667,423,868,852,493,965,511,452,1166,1052,920,1154,1052,1163,561,1268,1122,1265,1052,1213,1290,1239,1166,1146,1194,1231,1296,1166
69,1158,923,874,937,697,751,947,903,801,647,520,520,822,870,838,664,603,374,418,743,472,918,806,669,594,356,238,972,416,678,808,839,731,445,280,648,831,357,818,651,413,751,745,819,853,836,1125,986,905,1030,772,1045,978,751,776,763,1075,718,843,1087,555,906,872,743,765,996,801,877,0,188,577,620,878,199,592,644,800,680,244,603,669,642,859,755,582,566,863,594,578,933,713,951,892,976,863,669,902,799,870,1001,1016,911,1034,818,980,1116,891,923,913,974,997,1075,946
70,1194,988,970,1062,794,848,972,1028,837,743,616,525,738,995,963,789,699,470,423,655,458,830,845,794,719,533,208,884,281,543,847,876,809,523,455,603,786,222,857,690,492,790,768,859,931,875,1098,1051,969,1094,869,1082,1014,876,693,679,1114,814,755,1127,680,1031,997,656,677,1121,734,825,195,0,442,634,864,202,457,509,755,759,322,681,687,582,814,710,660,488,818,672,656,889,753,906,848,1016,902,708,941,838,948,956,1055,990,1112,858,1019,1194,969,1001,952,1052,1037,1154,1025
71,1337,1130,994,1261,945,999,1036,1228,980,982,855,731,775,1221,1055,1130,982,817,628,534,495,701,838,1141,1092,973,529,651,260,261,841,870,1010,911,924,334,518,322,850,684,880,784,762,852,941,869,1091,1193,1112,1237,1015,1224,1157,1112,730,676,1108,1053,633,1120,1021,1139,1076,534,555,1002,452,564,635,507,0,352,565,556,219,259,486,866,710,675,680,300,545,442,756,481,549,682,666,620,746,638,579,1009,895,701,934,832,950,687,1048,921,1065,851,1013,1090,979,980,945,1008,1030,1110,980
72,1196,989,853,1120,804,858,895,1087,839,885,795,638,911,1048,882,852,1164,999,811,626,678,483,665,974,1021,871,711,433,454,157,668,696,837,689,778,125,308,343,677,511,675,611,588,679,768,696,918,1052,971,1096,874,1083,1016,913,702,715,935,931,492,947,934,965,903,570,444,829,234,354,592,569,359,0,355,476,292,272,277,693,630,502,507,127,335,232,583,308,340,509,493,410,573,428,369,836,722,528,761,659,776,478,875,748,892,678,840,917,806,807,772,835,857,937,807
73,1040,833,697,964,648,702,739,931,683,729,639,482,745,995,968,768,903,930,762,602,771,465,913,875,1057,1130,832,264,682,523,1034,1043,1206,1025,1093,559,196,709,1013,877,1041,977,955,1046,1134,1062,1285,896,815,940,718,928,860,815,546,642,1173,775,420,1185,778,984,950,552,426,1003,468,239,1029,884,663,482,0,842,659,638,341,1060,996,868,874,494,279,265,950,675,279,876,859,349,940,367,308,1203,1089,895,1128,1025,1143,417,1242,1115,1258,1045,1206,1283,1173,1173,1139,1201,1224,1303,1174
74,1459,1253,1235,1310,1059,1113,1237,1276,1102,1008,881,790,1025,1215,1099,1051,964,735,688,942,707,1043,883,912,916,689,473,993,509,704,885,914,870,584,597,641,824,383,895,728,553,828,806,897,992,913,1136,1316,1234,1359,1134,1347,1279,1124,980,966,1152,1079,1042,1165,928,1203,1169,943,964,1047,794,871,338,312,604,613,871,0,618,670,793,820,383,743,725,635,852,748,721,526,856,733,717,926,791,944,885,1053,940,746,979,876,1009,994,1093,966,1174,896,1057,1134,1030,1062,990,1052,1074,1154,1025
75,1389,1183,1046,1313,997,1051,1088,1280,1032,1098,970,872,917,1192,1026,995,1053,824,770,675,637,676,809,1133,1053,867,562,626,352,236,811,840,980,805,818,305,488,175,821,654,774,754,732,823,911,839,1062,1246,1164,1289,1067,1277,1209,1057,871,818,1079,1011,686,1091,1014,1109,1046,676,637,973,427,534,529,401,237,327,535,451,0,171,457,837,604,645,651,271,516,412,727,452,520,652,636,590,717,608,549,980,866,672,905,802,920,658,1019,892,1035,822,983,1060,950,950,916,978,1001,1080,951
76,1445,1239,1102,1369,1053,1108,1144,1336,1088,1179,1052,928,973,1248,1082,1051,1179,950,826,731,693,732,865,1259,1178,992,687,682,453,292,867,896,1036,931,943,361,544,300,877,710,899,810,788,879,967,895,1118,1302,1220,1345,1123,1333,1265,1113,927,874,1135,1067,742,1147,1140,1165,1103,732,693,1029,483,590,654,526,313,383,591,576,249,0,513,893,730,701,707,327,572,468,783,508,576,709,692,646,773,664,605,1036,922,728,961,858,976,714,1075,948,1091,878,1039,1116,1006,1006,972,1034,1057,1136,1007
77,1313,1106,970,1236,921,975,1012,1204,956,1002,912,755,1018,1268,1126,1040,1175,1203,1034,875,926,737,910,1148,1265,1115,974,537,681,501,912,941,1081,934,1023,436,353,587,922,755,919,855,833,924,1012,940,1163,1169,1088,1213,991,1200,1133,1088,819,915,1179,1048,692,1191,1051,1210,1147,824,698,1073,589,399,836,813,541,408,400,720,536,516,0,937,874,746,751,372,213,109,827,553,265,753,737,335,818,353,294,1080,967,773,1006,903,1021,403,1120,993,1136,922,1084,1161,1050,1051,1017,1079,1101,1181,1052
78,1035,1020,1037,881,788,914,1131,847,672,822,838,969,1117,673,682,622,650,692,866,1322,1050,1165,530,483,534,652,842,1116,975,839,532,435,329,324,610,764,947,874,542,357,354,586,447,629,735,646,868,1032,1002,964,947,921,853,695,918,1086,799,617,1029,811,499,662,628,1322,1126,672,916,993,684,777,856,736,994,682,852,832,916,0,480,655,577,758,975,871,394,606,979,476,408,1049,523,1067,1008,786,672,478,711,609,635,1117,825,677,903,628,790,866,774,805,722,864,807,991,885
79,1081,1077,1028,927,851,905,1124,893,718,801,674,696,1006,831,828,668,696,528,594,928,656,1014,562,529,532,368,422,964,556,775,564,593,487,201,290,612,796,454,574,407,170,507,502,576,609,592,882,1140,1059,1010,926,967,899,741,961,947,832,663,1027,844,545,820,786,928,949,831,765,842,264,358,674,584,843,263,689,741,764,437,0,420,426,606,823,720,338,330,827,350,334,898,470,916,857,733,619,425,658,556,626,965,772,668,790,575,736,873,647,679,669,730,754,832,703
80,1322,1320,1336,1212,1087,1214,1431,1178,965,1121,1187,1240,1443,1129,963,933,1195,1041,1138,1202,1200,1087,746,1028,1031,882,966,1037,918,761,749,778,986,700,789,686,869,796,758,592,685,692,670,760,849,777,999,1321,1302,1263,1247,1210,1142,994,1217,1319,1016,948,1097,1028,1044,1047,984,1174,1048,910,838,915,808,806,778,657,916,724,774,753,838,774,604,0,499,679,896,793,664,319,901,590,574,971,654,989,930,917,803,609,842,740,858,1039,956,829,973,759,921,998,887,888,853,916,938,1018,888
81,1195,1265,1248,1085,960,1125,1249,1051,838,1021,893,803,1038,1002,836,806,976,747,700,880,719,862,619,917,921,695,485,812,452,536,622,651,791,590,602,461,644,295,631,465,558,565,543,633,722,650,872,1194,1246,1136,1146,1083,1015,867,992,979,889,821,872,901,934,920,857,881,823,783,613,690,351,324,516,432,691,235,530,582,613,647,388,456,0,454,671,568,537,262,676,463,447,746,527,764,705,790,676,482,715,613,730,814,829,702,846,632,794,871,760,761,726,789,811,891,761
82,1114,1111,1008,1004,879,1005,1049,970,757,913,1007,793,994,921,755,724,850,861,814,752,714,637,538,846,893,744,599,587,468,311,540,569,709,562,651,236,419,409,550,383,547,483,461,552,640,568,791,1113,1093,1055,1038,1001,934,786,948,869,808,740,647,820,768,838,776,724,598,702,388,465,464,438,328,207,466,348,324,304,388,566,502,374,380,0,447,343,456,181,451,382,365,521,446,539,480,709,595,401,634,531,649,589,748,621,764,551,712,789,679,679,645,707,730,809,680
83,1254,1047,911,1177,862,916,953,1145,897,943,853,696,959,1209,1142,981,1116,1144,975,816,942,679,925,1089,1271,1131,990,478,697,516,928,956,1097,949,1038,452,294,603,937,771,935,871,848,939,1028,956,1178,1110,1029,1154,932,1141,1074,1029,760,856,1195,989,633,1207,992,1198,1164,765,640,1089,605,426,852,829,556,424,341,736,552,532,234,953,890,762,767,387,0,158,843,568,335,769,753,405,833,423,364,1096,982,788,1021,919,1036,473,1135,1008,1152,938,1100,1177,1066,1067,1032,1095,1117,1197,1067
84,1224,1017,881,1147,832,886,923,1115,867,913,823,666,929,1179,1037,951,1086,1114,945,786,837,649,821,1059,1176,1026,885,448,592,412,823,852,992,845,934,348,264,498,833,666,830,766,744,835,923,851,1074,1080,999,1124,902,1111,1044,999,730,826,1090,959,603,1102,962,1121,1058,735,610,985,500,310,747,724,452,319,311,631,447,427,116,848,785,657,663,283,124,0,738,464,217,664,648,287,729,305,246,991,878,684,917,814,932,355,1031,904,1047,833,995,1072,961,962,928,990,1012,1092,963
85,949,946,962,838,714,840,1057,804,591,747,789,982,1042,725,589,559,702,744,880,1123,942,1008,372,535,586,621,708,958,842,682,375,404,381,375,529,607,790,740,385,218,232,429,290,472,578,489,711,947,928,889,873,836,768,620,843,1012,642,574,955,654,551,673,610,1095,969,536,759,836,550,644,699,578,837,549,695,674,759,155,346,498,420,600,818,714,0,449,822,319,250,892,366,910,851,629,515,321,554,452,478,960,668,520,746,471,633,709,616,648,565,707,650,834,728
86,1106,1104,1120,996,871,998,1215,962,749,905,937,990,1185,913,747,717,944,791,887,944,905,829,530,777,781,631,716,779,660,503,533,562,735,449,539,427,611,538,542,376,435,476,454,544,633,561,783,1105,1085,1047,1031,994,926,778,1001,1061,800,732,838,812,794,831,768,916,790,694,580,657,558,567,520,399,658,478,516,495,579,558,354,235,241,421,638,535,448,0,643,374,358,713,438,731,672,701,587,393,626,524,641,781,740,613,757,543,705,782,671,672,637,700,722,802,672
87,1187,980,844,1110,795,849,886,1078,830,876,786,629,892,1142,1115,914,1049,1077,908,749,917,612,943,1022,1204,1149,979,411,714,534,945,974,1115,967,1056,470,422,620,955,788,952,888,866,957,1045,974,1196,1043,962,1087,865,1074,1007,962,693,789,1213,922,566,1225,925,1130,1097,698,573,1150,615,433,870,847,574,442,347,754,570,549,300,971,907,779,785,405,282,224,861,586,0,787,770,260,851,278,219,1114,1000,806,1039,937,1054,327,1153,1026,1169,956,1117,1194,1084,1084,1050,1112,1135,1214,1085
88,1100,1098,1114,990,865,992,1209,956,743,899,994,1017,1194,907,741,711,1002,848,914,1079,977,965,524,835,886,688,743,915,876,638,527,556,680,534,623,563,746,674,536,370,306,413,219,630,439,556,847,1099,1079,1041,1025,988,920,772,995,1164,794,726,974,806,851,825,762,1051,925,688,715,792,585,678,655,535,793,583,651,631,715,455,380,454,376,557,774,670,344,405,778,0,151,848,433,866,807,696,582,388,601,468,344,916,684,385,621,538,698,703,478,510,697,568,717,695,637
89,1079,1077,1093,969,844,971,1187,935,722,878,937,986,1173,886,720,689,937,791,884,1049,946,934,503,770,821,631,712,884,846,608,505,534,616,450,539,532,716,643,515,348,242,470,301,599,409,529,816,1078,1058,1020,1003,967,899,751,974,1143,773,705,943,785,786,803,741,1021,895,667,685,762,554,648,625,504,763,553,621,600,684,390,350,424,346,526,743,640,280,374,747,150,0,818,407,836,777,670,556,362,595,492,426,885,709,468,590,512,667,672,447,479,666,537,691,665,607
90,1269,1063,926,1193,877,932,968,1160,912,958,868,712,974,1224,1197,997,1132,1159,991,832,1000,694,1025,1105,1286,1231,1061,493,797,617,1028,1057,1197,1050,1139,552,504,703,1038,871,1035,971,949,1039,1128,1056,1279,1126,1044,1169,947,1157,1089,1045,775,871,1295,1005,649,1307,1008,1213,1179,781,655,1232,698,515,952,929,656,524,430,836,652,632,382,1053,990,862,867,488,364,306,943,668,284,869,853,0,933,261,202,1196,1083,889,1122,1019,1137,310,1235,1108,1252,1038,1200,1277,1166,1167,1133,1195,1217,1297,1168
91,807,805,821,697,572,699,915,663,450,606,648,738,901,572,448,417,543,744,917,989,1056,1053,231,505,728,925,979,960,984,826,453,401,593,697,859,751,934,862,284,425,661,206,425,387,546,416,639,806,786,748,731,695,627,479,702,870,561,433,813,573,461,511,469,1093,997,395,904,901,821,915,843,723,940,801,839,819,903,645,617,642,564,745,962,858,534,593,966,510,494,1036,0,1054,995,278,164,163,483,381,498,1104,597,456,600,438,584,662,574,757,493,664,578,791,723
92,1251,1044,908,1174,859,913,949,1142,893,939,849,693,956,1206,1178,978,1113,1140,972,813,981,675,1007,1086,1267,1212,1043,475,778,598,1009,1038,1178,1031,1120,534,486,684,1019,852,1016,952,930,1021,1109,1037,1260,1107,1025,1151,928,1138,1070,1026,756,852,1276,986,630,1289,989,1194,1160,762,636,1213,679,497,933,910,638,505,411,817,633,613,363,1035,971,843,849,469,345,287,924,650,265,850,834,241,915,0,156,1177,1064,870,1103,1000,1118,221,1217,1090,1233,1019,1181,1258,1147,1148,1114,1176,1198,1278,1149
93,1200,993,857,1123,808,862,898,1091,843,889,799,642,905,1155,1127,927,1062,1089,921,762,930,624,956,1035,1216,1162,992,424,727,547,958,987,1127,980,1069,483,435,633,968,801,965,901,879,970,1058,986,1209,1056,975,1100,878,1087,1020,975,706,802,1226,935,579,1238,938,1143,1110,711,585,1163,628,446,882,860,587,454,360,766,583,562,313,984,920,792,798,418,294,237,874,599,214,799,783,191,864,138,0,1127,1013,819,1052,949,1067,205,1166,1039,1182,969,1130,1207,1096,1097,1063,1125,1148,1227,1098
94,1044,1041,1058,933,809,935,1152,899,687,842,884,975,1137,809,684,654,780,980,1154,1226,1293,1317,468,741,965,1089,1143,1196,1148,991,690,637,829,933,1024,915,1099,1026,520,620,826,370,589,501,660,547,769,1042,1023,985,968,931,864,716,938,1107,798,669,1050,810,698,748,705,1329,1234,632,1068,1137,985,1079,1008,887,1177,966,1004,983,1067,809,781,807,729,909,1126,1023,699,757,1130,675,658,1201,269,1219,1160,0,249,328,648,545,612,1268,761,570,714,463,691,767,687,871,623,778,708,884,849
95,922,919,936,812,687,813,1030,778,565,721,763,853,1016,687,563,532,658,858,1032,1104,1171,1196,346,620,843,967,1022,1075,1027,869,568,516,708,812,902,794,977,905,398,498,704,249,468,430,589,459,682,921,901,863,846,809,742,594,817,985,676,548,928,688,576,626,584,1208,1112,510,946,1016,864,957,886,766,1055,844,882,862,946,687,659,685,607,788,1005,901,577,636,1009,553,537,1079,148,1097,1038,241,0,206,526,423,541,1147,640,499,643,433,626,705,616,800,536,707,620,834,765
96,877,875,891,767,642,769,985,733,520,676,718,808,971,642,518,487,613,814,998,1059,1060,1000,301,575,798,772,826,950,831,674,460,471,663,618,707,599,782,709,354,303,509,180,272,224,383,264,487,876,856,818,801,765,697,549,772,940,631,503,883,643,531,581,539,1087,961,465,751,828,669,762,691,570,829,649,687,666,751,492,464,490,412,592,809,706,382,441,814,358,342,884,121,902,843,317,203,0,331,228,335,952,445,293,436,275,420,499,410,594,341,500,425,628,570
97,1123,1120,1137,1013,888,1014,1231,979,766,922,964,1054,1217,888,764,733,859,1059,1242,1305,1305,1245,547,821,1044,1017,1071,1195,1076,918,705,717,909,862,951,843,1026,954,599,548,753,363,456,470,571,486,709,1122,1102,1064,1047,1010,943,795,1018,1186,877,749,1129,889,777,827,784,1332,1206,711,996,1073,913,1007,935,815,1073,893,931,911,995,737,709,734,656,837,1054,950,627,685,1058,602,586,1129,367,1146,1088,629,516,322,0,232,360,1196,271,401,627,469,630,707,598,784,563,689,648,816,793
98,1017,1015,1031,907,782,909,1126,873,660,816,858,948,1111,782,658,628,753,954,1137,1199,1199,1139,441,715,939,911,965,1089,970,813,599,611,803,757,846,737,921,848,494,442,648,258,331,364,430,381,604,1016,996,958,942,905,837,689,912,1081,771,643,1024,783,672,722,679,1226,1100,605,890,967,807,901,830,709,968,788,826,805,889,631,603,629,551,731,948,845,521,579,953,497,480,1023,261,1041,982,524,410,216,229,0,218,1090,216,260,486,363,525,602,457,643,457,547,542,675,687
99,1117,1114,1131,1007,882,1008,1225,973,760,915,957,1048,1211,882,757,727,853,1053,1182,1299,1245,1185,541,814,1046,1021,1011,1135,1016,858,582,611,752,835,928,783,966,894,593,425,631,382,208,251,211,405,582,1115,1096,1058,1041,1004,937,789,1012,1180,850,742,1123,862,771,821,778,1271,1146,705,936,1012,853,946,875,755,1013,833,871,851,935,615,648,674,596,777,994,890,504,625,998,378,457,1068,360,1086,1027,592,492,336,354,211,0,1136,428,41,266,387,433,438,238,424,432,328,566,456,528
100,1324,1117,981,1247,932,986,1023,1215,967,1013,923,766,1029,1279,1251,1051,1186,1213,1045,886,1054,748,1080,1159,1340,1286,1116,548,851,671,1082,1111,1251,1104,1193,607,559,757,1092,925,1089,1025,1003,1094,1182,1110,1333,1180,1099,1224,1002,1211,1144,1099,830,926,1350,1059,703,1362,1062,1267,1234,835,709,1287,752,570,1006,984,711,579,484,890,707,686,437,1108,1044,916,922,542,419,361,998,723,338,924,907,315,988,232,229,1251,1137,943,1176,1073,1191,0,1290,1163,1306,1093,1254,1331,1221,1221,1187,1249,1272,1351,1222
101,1215,1213,1229,1105,980,1107,1324,1071,858,1014,1056,1146,1309,980,856,826,951,1152,1335,1397,1397,1337,639,913,1137,1109,1163,1287,1168,1011,797,809,1001,955,1044,935,1119,1046,692,640,846,456,529,562,628,579,802,1214,1194,1156,1140,1103,1035,887,1110,1279,969,841,1222,982,870,920,877,1424,1298,803,1088,1165,1005,1099,1028,907,1166,986,1024,1003,1087,829,801,827,749,929,1146,1043,719,777,1151,695,678,1221,459,1239,1180,722,608,414,243,198,416,1289,0,458,684,561,723,800,655,841,656,745,740,873,885
102,1074,1072,1088,964,839,965,1182,930,717,873,915,1005,1168,839,715,684,810,1011,1184,1256,1285,1225,498,772,995,1062,1052,1175,1056,899,623,652,793,876,969,824,1007,934,551,466,672,423,249,208,168,362,539,1073,1053,1015,998,962,894,746,969,1137,828,700,1080,840,728,778,736,1312,1186,662,976,1053,894,987,916,795,1054,874,912,891,976,655,689,715,637,817,1035,931,545,666,1039,418,498,1109,318,1127,1068,550,449,293,394,252,40,1177,468,0,224,345,390,395,195,381,389,286,524,413,486
103,1230,1227,1244,1119,995,1121,1338,1085,873,1028,1070,1160,1323,994,870,840,965,1166,1342,1412,1404,1375,654,927,1151,1116,1170,1382,1206,1048,856,823,1015,962,1051,973,1156,1084,706,699,734,554,482,364,241,518,652,1228,1209,1170,1154,1117,1049,902,1124,1293,984,855,1236,996,884,934,891,1462,1336,817,1126,1203,1012,1106,1065,945,1203,1011,1061,1041,1125,882,808,864,786,967,1184,1080,772,815,1188,595,579,1258,473,1276,1217,705,605,449,628,485,273,1326,702,232,0,500,502,508,308,437,502,398,679,525,598
104,994,991,1008,884,759,885,1102,850,637,792,834,925,1088,759,634,604,730,930,1104,1176,1199,1139,418,691,915,911,965,1147,970,812,599,588,780,757,846,737,920,848,470,442,647,318,411,328,452,155,378,992,973,935,918,881,814,666,889,1057,748,619,1000,760,648,698,655,1226,1100,582,890,967,807,901,830,709,967,787,825,805,889,631,603,628,550,731,948,845,521,579,952,496,480,1023,237,1040,982,452,369,213,469,367,404,1090,583,363,506,0,299,376,416,600,232,403,317,493,552
105,1185,1182,1199,1075,950,1076,1293,1041,828,984,1026,1116,1279,950,826,795,921,1121,1295,1367,1390,1330,609,883,1106,1102,1156,1338,1161,1004,790,779,971,948,1037,928,1112,1039,661,633,805,510,631,183,357,274,262,1184,1164,1126,1109,1072,1005,857,1080,1248,939,811,1191,951,839,889,847,1417,1291,773,1081,1158,998,1092,1021,900,1159,979,1017,996,1080,822,794,820,742,922,1139,1036,712,770,1143,667,651,1214,429,1232,1173,666,560,412,661,558,422,1281,774,381,490,290,0,193,300,484,112,287,379,374,454
106,1279,1276,1293,1169,1044,1170,1387,1135,922,1077,1119,1210,1373,1044,919,889,1015,1215,1409,1461,1472,1424,703,976,1200,1183,1238,1432,1255,1097,884,873,1065,1029,1118,1022,1205,1133,755,727,801,603,627,276,353,368,354,1277,1258,1220,1203,1166,1099,951,1174,1342,1033,904,1285,1045,933,983,940,1511,1385,867,1175,1252,1080,1173,1115,994,1253,1078,1110,1090,1174,950,876,913,836,1016,1233,1130,839,864,1237,663,646,1308,522,1325,1267,759,654,505,772,630,418,1375,846,377,485,384,195,0,252,449,204,251,473,367,439
107,1184,1182,1198,1074,949,1076,1292,1040,827,983,1025,1115,1278,949,825,794,920,1129,1195,1366,1257,1214,608,882,1167,969,1024,1164,1045,887,805,778,961,815,904,812,995,923,661,648,587,509,430,240,139,388,376,1183,1163,1125,1108,1072,1004,856,1079,1248,938,810,1191,950,838,888,846,1301,1175,772,965,1042,866,959,904,784,1042,864,900,880,964,735,661,703,625,806,1023,919,625,654,1027,448,432,1097,428,1115,1056,660,560,403,576,433,221,1165,650,180,289,404,302,233,0,287,227,90,492,218,290
108,1373,1371,1387,1263,1138,1265,1482,1229,1016,1172,1214,1338,1467,1138,1014,984,1109,1169,1236,1338,1298,1224,797,1156,1207,1010,1064,1174,1055,897,812,841,1002,856,945,822,1005,933,822,655,627,698,640,442,251,567,556,1372,1352,1314,1298,1261,1193,1045,1268,1437,1079,999,1233,1092,1028,1078,1035,1310,1184,961,974,1051,906,1000,914,794,1052,904,910,890,974,776,702,713,635,816,1033,929,666,664,1037,489,473,1107,617,1125,1066,849,749,593,782,639,427,1175,856,386,433,583,482,424,285,0,406,211,672,397,467
109,1114,1112,1128,1004,879,1006,1223,970,757,913,955,1045,1208,879,755,725,850,1051,1225,1296,1319,1259,538,812,1036,1031,1086,1267,1091,933,719,708,900,877,966,858,1041,968,591,562,768,439,531,190,365,204,148,1113,1093,1055,1039,1002,934,786,1009,1178,868,740,1121,880,769,819,776,1346,1220,702,1010,1087,928,1021,950,830,1088,908,946,926,1010,751,723,749,671,852,1069,965,641,700,1073,674,658,1143,358,1161,1102,595,490,334,590,487,430,1211,704,388,497,219,111,198,223,408,0,210,308,260,340
110,1295,1292,1308,1184,1059,1186,1403,1150,937,1093,1135,1225,1388,1059,935,905,1030,1239,1305,1404,1367,1289,718,992,1268,1079,1133,1239,1120,963,905,888,1062,925,1014,888,1071,998,771,748,688,619,531,341,240,384,372,1293,1274,1235,1219,1182,1114,966,1189,1358,1048,920,1301,1061,949,999,956,1376,1250,882,1040,1117,975,1069,980,859,1118,974,976,955,1040,836,771,779,701,881,1099,995,726,730,1103,549,533,1173,538,1191,1132,761,670,504,676,534,322,1241,751,281,390,400,298,240,101,221,223,0,488,214,286
111,1201,1198,1215,1090,966,1092,1309,1056,844,999,1041,1132,1294,966,841,811,937,1137,1311,1383,1406,1346,625,898,1122,1118,1172,1353,1177,1019,806,794,986,963,1052,944,1127,1055,677,649,854,525,618,422,616,178,347,1199,1180,1142,1125,1088,1021,873,1095,1264,955,826,1207,967,855,905,862,1433,1307,789,1097,1174,1014,1108,1036,916,1174,994,1032,1012,1096,838,810,835,757,938,1155,1051,728,786,1159,703,687,1230,444,1247,1189,681,576,420,676,574,611,1297,790,570,749,306,393,470,510,694,326,497,0,470,521
112,1372,1369,1386,1262,1137,1263,1480,1228,1015,1170,1213,1303,1466,1137,1012,982,1108,1331,1397,1496,1459,1382,796,1070,1293,1171,1225,1332,1213,1055,970,966,1176,1017,1106,980,1163,1091,848,813,802,697,645,448,354,415,267,1370,1351,1313,1296,1259,1192,1044,1267,1435,1126,997,1378,1138,1026,1076,1033,1469,1343,960,1133,1210,1067,1161,1072,952,1210,1066,1068,1048,1132,950,863,871,793,974,1191,1087,840,822,1195,663,647,1265,616,1283,1224,853,747,618,790,648,436,1333,864,394,503,477,369,340,214,399,256,202,449,0,251
113,1358,1355,1372,1248,1123,1249,1466,1214,1001,1156,1198,1289,1452,1123,998,968,1094,1207,1274,1373,1336,1258,782,1055,1225,1048,1102,1208,1089,932,847,876,1016,894,983,857,1040,967,834,690,812,682,728,549,437,488,308,1356,1337,1299,1282,1245,1178,1030,1253,1421,1112,983,1268,1124,1012,1062,1019,1345,1219,946,1009,1086,944,1038,949,828,1087,942,945,924,1009,872,740,748,670,850,1067,964,762,699,1072,634,617,1142,601,1160,1101,847,733,577,833,731,519,1210,947,477,586,552,470,424,298,411,357,285,523,258,0
