,Zone,Lower Left,Upper Right,Center
0,1,"[10.79377655, 59.96421346153846]","[10.802510575000001, 59.96875023076923]","[10.798143562500002, 59.96648184615385]"
1,2,"[10.785042525, 59.96421346153846]","[10.79377655, 59.96875023076923]","[10.7894095375, 59.96648184615385]"
2,3,"[10.776308499999999, 59.96421346153846]","[10.785042525, 59.96875023076923]","[10.7806755125, 59.96648184615385]"
3,4,"[10.767574475, 59.96421346153846]","[10.7763085, 59.96875023076923]","[10.771941487500001, 59.96648184615385]"
4,5,"[10.75884045, 59.96421346153846]","[10.767574475, 59.96875023076923]","[10.763207462499999, 59.96648184615385]"
5,6,"[10.750106425, 59.96421346153846]","[10.758840450000001, 59.96875023076923]","[10.7544734375, 59.96648184615385]"
6,7,"[10.732638375, 59.96421346153846]","[10.741372400000001, 59.96875023076923]","[10.737005387500002, 59.96648184615385]"
7,8,"[10.72390435, 59.96421346153846]","[10.732638375, 59.96875023076923]","[10.7282713625, 59.96648184615385]"
8,9,"[10.79377655, 59.95967669230769]","[10.802510575000001, 59.964213461538456]","[10.798143562500002, 59.96194507692307]"
9,10,"[10.785042525, 59.95967669230769]","[10.79377655, 59.964213461538456]","[10.7894095375, 59.96194507692307]"
10,11,"[10.776308499999999, 59.95967669230769]","[10.785042525, 59.964213461538456]","[10.7806755125, 59.96194507692307]"
11,12,"[10.75884045, 59.95967669230769]","[10.767574475, 59.964213461538456]","[10.763207462499999, 59.96194507692307]"
12,13,"[10.750106425, 59.95967669230769]","[10.758840450000001, 59.964213461538456]","[10.7544734375, 59.96194507692307]"
13,14,"[10.7413724, 59.95967669230769]","[10.750106425, 59.964213461538456]","[10.7457394125, 59.96194507692307]"
14,15,"[10.732638375, 59.95967669230769]","[10.741372400000001, 59.964213461538456]","[10.737005387500002, 59.96194507692307]"
15,16,"[10.72390435, 59.95967669230769]","[10.732638375, 59.964213461538456]","[10.7282713625, 59.96194507692307]"
16,17,"[10.79377655, 59.95513992307692]","[10.802510575000001, 59.95967669230769]","[10.798143562500002, 59.957408307692305]"
17,18,"[10.785042525, 59.95513992307692]","[10.79377655, 59.95967669230769]","[10.7894095375, 59.957408307692305]"
18,19,"[10.776308499999999, 59.95513992307692]","[10.785042525, 59.95967669230769]","[10.7806755125, 59.957408307692305]"
19,20,"[10.75884045, 59.95513992307692]","[10.767574475, 59.95967669230769]","[10.763207462499999, 59.957408307692305]"
20,21,"[10.750106425, 59.95513992307692]","[10.758840450000001, 59.95967669230769]","[10.7544734375, 59.957408307692305]"
21,22,"[10.7413724, 59.95513992307692]","[10.750106425, 59.95967669230769]","[10.7457394125, 59.957408307692305]"
22,23,"[10.732638375, 59.95513992307692]","[10.741372400000001, 59.95967669230769]","[10.737005387500002, 59.957408307692305]"
23,24,"[10.72390435, 59.95513992307692]","[10.732638375, 59.95967669230769]","[10.7282713625, 59.957408307692305]"
24,25,"[10.715170324999999, 59.95513992307692]","[10.72390435, 59.95967669230769]","[10.7195373375, 59.957408307692305]"
25,26,"[10.79377655, 59.95060315384615]","[10.802510575000001, 59.95513992307692]","[10.798143562500002, 59.95287153846154]"
26,27,"[10.785042525, 59.95060315384615]","[10.79377655, 59.95513992307692]","[10.7894095375, 59.95287153846154]"
27,28,"[10.776308499999999, 59.95060315384615]","[10.785042525, 59.95513992307692]","[10.7806755125, 59.95287153846154]"
28,29,"[10.767574475, 59.95060315384615]","[10.7763085, 59.95513992307692]","[10.771941487500001, 59.95287153846154]"
29,30,"[10.75884045, 59.95060315384615]","[10.767574475, 59.95513992307692]","[10.763207462499999, 59.95287153846154]"
30,31,"[10.750106425, 59.95060315384615]","[10.758840450000001, 59.95513992307692]","[10.7544734375, 59.95287153846154]"
31,32,"[10.7413724, 59.95060315384615]","[10.750106425, 59.95513992307692]","[10.7457394125, 59.95287153846154]"
32,33,"[10.732638375, 59.95060315384615]","[10.741372400000001, 59.95513992307692]","[10.737005387500002, 59.95287153846154]"
33,34,"[10.72390435, 59.95060315384615]","[10.732638375, 59.95513992307692]","[10.7282713625, 59.95287153846154]"
34,35,"[10.715170324999999, 59.95060315384615]","[10.72390435, 59.95513992307692]","[10.7195373375, 59.95287153846154]"
35,36,"[10.802510575, 59.946066384615385]","[10.8112446, 59.95060315384615]","[10.8068775875, 59.94833476923077]"
36,37,"[10.79377655, 59.946066384615385]","[10.802510575000001, 59.95060315384615]","[10.798143562500002, 59.94833476923077]"
37,38,"[10.785042525, 59.946066384615385]","[10.79377655, 59.95060315384615]","[10.7894095375, 59.94833476923077]"
38,39,"[10.776308499999999, 59.946066384615385]","[10.785042525, 59.95060315384615]","[10.7806755125, 59.94833476923077]"
39,40,"[10.767574475, 59.946066384615385]","[10.7763085, 59.95060315384615]","[10.771941487500001, 59.94833476923077]"
40,41,"[10.75884045, 59.946066384615385]","[10.767574475, 59.95060315384615]","[10.763207462499999, 59.94833476923077]"
41,42,"[10.750106425, 59.946066384615385]","[10.758840450000001, 59.95060315384615]","[10.7544734375, 59.94833476923077]"
42,43,"[10.7413724, 59.946066384615385]","[10.750106425, 59.95060315384615]","[10.7457394125, 59.94833476923077]"
43,44,"[10.732638375, 59.946066384615385]","[10.741372400000001, 59.95060315384615]","[10.737005387500002, 59.94833476923077]"
44,45,"[10.72390435, 59.946066384615385]","[10.732638375, 59.95060315384615]","[10.7282713625, 59.94833476923077]"
45,46,"[10.7064363, 59.946066384615385]","[10.715170325, 59.95060315384615]","[10.710803312500001, 59.94833476923077]"
46,47,"[10.802510575, 59.94152961538462]","[10.8112446, 59.946066384615385]","[10.8068775875, 59.943798]"
47,48,"[10.79377655, 59.94152961538462]","[10.802510575000001, 59.946066384615385]","[10.798143562500002, 59.943798]"
48,49,"[10.785042525, 59.94152961538462]","[10.79377655, 59.946066384615385]","[10.7894095375, 59.943798]"
49,50,"[10.776308499999999, 59.94152961538462]","[10.785042525, 59.946066384615385]","[10.7806755125, 59.943798]"
50,51,"[10.767574475, 59.94152961538462]","[10.7763085, 59.946066384615385]","[10.771941487500001, 59.943798]"
51,52,"[10.75884045, 59.94152961538462]","[10.767574475, 59.946066384615385]","[10.763207462499999, 59.943798]"
52,53,"[10.750106425, 59.94152961538462]","[10.758840450000001, 59.946066384615385]","[10.7544734375, 59.943798]"
53,54,"[10.7413724, 59.94152961538462]","[10.750106425, 59.946066384615385]","[10.7457394125, 59.943798]"
54,55,"[10.732638375, 59.94152961538462]","[10.741372400000001, 59.946066384615385]","[10.737005387500002, 59.943798]"
55,56,"[10.72390435, 59.94152961538462]","[10.732638375, 59.946066384615385]","[10.7282713625, 59.943798]"
56,57,"[10.715170324999999, 59.94152961538462]","[10.72390435, 59.946066384615385]","[10.7195373375, 59.943798]"
57,58,"[10.7064363, 59.94152961538462]","[10.715170325, 59.946066384615385]","[10.710803312500001, 59.943798]"
58,59,"[10.697702275, 59.94152961538462]","[10.7064363, 59.946066384615385]","[10.702069287499999, 59.943798]"
59,60,"[10.889850825, 59.93699284615384]","[10.89858485, 59.94152961538461]","[10.894217837500001, 59.939261230769226]"
60,61,"[10.82871265, 59.93699284615384]","[10.837446675, 59.94152961538461]","[10.833079662500001, 59.939261230769226]"
61,62,"[10.819978625, 59.93699284615384]","[10.82871265, 59.94152961538461]","[10.824345637499999, 59.939261230769226]"
62,63,"[10.8112446, 59.93699284615384]","[10.819978625000001, 59.94152961538461]","[10.8156116125, 59.939261230769226]"
63,64,"[10.802510575, 59.93699284615384]","[10.8112446, 59.94152961538461]","[10.8068775875, 59.939261230769226]"
64,65,"[10.79377655, 59.93699284615384]","[10.802510575000001, 59.94152961538461]","[10.798143562500002, 59.939261230769226]"
65,66,"[10.785042525, 59.93699284615384]","[10.79377655, 59.94152961538461]","[10.7894095375, 59.939261230769226]"
66,67,"[10.776308499999999, 59.93699284615384]","[10.785042525, 59.94152961538461]","[10.7806755125, 59.939261230769226]"
67,68,"[10.767574475, 59.93699284615384]","[10.7763085, 59.94152961538461]","[10.771941487500001, 59.939261230769226]"
68,69,"[10.75884045, 59.93699284615384]","[10.767574475, 59.94152961538461]","[10.763207462499999, 59.939261230769226]"
69,70,"[10.750106425, 59.93699284615384]","[10.758840450000001, 59.94152961538461]","[10.7544734375, 59.939261230769226]"
70,71,"[10.7413724, 59.93699284615384]","[10.750106425, 59.94152961538461]","[10.7457394125, 59.939261230769226]"
71,72,"[10.732638375, 59.93699284615384]","[10.741372400000001, 59.94152961538461]","[10.737005387500002, 59.939261230769226]"
72,73,"[10.72390435, 59.93699284615384]","[10.732638375, 59.94152961538461]","[10.7282713625, 59.939261230769226]"
73,74,"[10.715170324999999, 59.93699284615384]","[10.72390435, 59.94152961538461]","[10.7195373375, 59.939261230769226]"
74,75,"[10.7064363, 59.93699284615384]","[10.715170325, 59.94152961538461]","[10.710803312500001, 59.939261230769226]"
75,76,"[10.697702275, 59.93699284615384]","[10.7064363, 59.94152961538461]","[10.702069287499999, 59.939261230769226]"
76,77,"[10.68896825, 59.93699284615384]","[10.697702275000001, 59.94152961538461]","[10.6933352625, 59.939261230769226]"
77,78,"[10.680234225, 59.93699284615384]","[10.68896825, 59.94152961538461]","[10.6846012375, 59.939261230769226]"
78,79,"[10.86364875, 59.932456076923074]","[10.872382775, 59.93699284615384]","[10.8680157625, 59.93472446153846]"
79,80,"[10.82871265, 59.932456076923074]","[10.837446675, 59.93699284615384]","[10.833079662500001, 59.93472446153846]"
80,81,"[10.819978625, 59.932456076923074]","[10.82871265, 59.93699284615384]","[10.824345637499999, 59.93472446153846]"
81,82,"[10.8112446, 59.932456076923074]","[10.819978625000001, 59.93699284615384]","[10.8156116125, 59.93472446153846]"
82,83,"[10.802510575, 59.932456076923074]","[10.8112446, 59.93699284615384]","[10.8068775875, 59.93472446153846]"
83,84,"[10.79377655, 59.932456076923074]","[10.802510575000001, 59.93699284615384]","[10.798143562500002, 59.93472446153846]"
84,85,"[10.785042525, 59.932456076923074]","[10.79377655, 59.93699284615384]","[10.7894095375, 59.93472446153846]"
85,86,"[10.776308499999999, 59.932456076923074]","[10.785042525, 59.93699284615384]","[10.7806755125, 59.93472446153846]"
86,87,"[10.767574475, 59.932456076923074]","[10.7763085, 59.93699284615384]","[10.771941487500001, 59.93472446153846]"
87,88,"[10.75884045, 59.932456076923074]","[10.767574475, 59.93699284615384]","[10.763207462499999, 59.93472446153846]"
88,89,"[10.750106425, 59.932456076923074]","[10.758840450000001, 59.93699284615384]","[10.7544734375, 59.93472446153846]"
89,90,"[10.7413724, 59.932456076923074]","[10.750106425, 59.93699284615384]","[10.7457394125, 59.93472446153846]"
90,91,"[10.732638375, 59.932456076923074]","[10.741372400000001, 59.93699284615384]","[10.737005387500002, 59.93472446153846]"
91,92,"[10.72390435, 59.932456076923074]","[10.732638375, 59.93699284615384]","[10.7282713625, 59.93472446153846]"
92,93,"[10.715170324999999, 59.932456076923074]","[10.72390435, 59.93699284615384]","[10.7195373375, 59.93472446153846]"
93,94,"[10.7064363, 59.932456076923074]","[10.715170325, 59.93699284615384]","[10.710803312500001, 59.93472446153846]"
94,95,"[10.697702275, 59.932456076923074]","[10.7064363, 59.93699284615384]","[10.702069287499999, 59.93472446153846]"
95,96,"[10.68896825, 59.932456076923074]","[10.697702275000001, 59.93699284615384]","[10.6933352625, 59.93472446153846]"
96,97,"[10.680234225, 59.932456076923074]","[10.68896825, 59.93699284615384]","[10.6846012375, 59.93472446153846]"
97,98,"[10.6715002, 59.932456076923074]","[10.680234225000001, 59.93699284615384]","[10.675867212500002, 59.93472446153846]"
98,99,"[10.82871265, 59.92791930769231]","[10.837446675, 59.932456076923074]","[10.833079662500001, 59.93018769230769]"
99,100,"[10.8112446, 59.92791930769231]","[10.819978625000001, 59.932456076923074]","[10.8156116125, 59.93018769230769]"
100,101,"[10.802510575, 59.92791930769231]","[10.8112446, 59.932456076923074]","[10.8068775875, 59.93018769230769]"
101,102,"[10.79377655, 59.92791930769231]","[10.802510575000001, 59.932456076923074]","[10.798143562500002, 59.93018769230769]"
102,103,"[10.785042525, 59.92791930769231]","[10.79377655, 59.932456076923074]","[10.7894095375, 59.93018769230769]"
103,104,"[10.776308499999999, 59.92791930769231]","[10.785042525, 59.932456076923074]","[10.7806755125, 59.93018769230769]"
104,105,"[10.767574475, 59.92791930769231]","[10.7763085, 59.932456076923074]","[10.771941487500001, 59.93018769230769]"
105,106,"[10.75884045, 59.92791930769231]","[10.767574475, 59.932456076923074]","[10.763207462499999, 59.93018769230769]"
106,107,"[10.750106425, 59.92791930769231]","[10.758840450000001, 59.932456076923074]","[10.7544734375, 59.93018769230769]"
107,108,"[10.7413724, 59.92791930769231]","[10.750106425, 59.932456076923074]","[10.7457394125, 59.93018769230769]"
108,109,"[10.732638375, 59.92791930769231]","[10.741372400000001, 59.932456076923074]","[10.737005387500002, 59.93018769230769]"
109,110,"[10.72390435, 59.92791930769231]","[10.732638375, 59.932456076923074]","[10.7282713625, 59.93018769230769]"
110,111,"[10.715170324999999, 59.92791930769231]","[10.72390435, 59.932456076923074]","[10.7195373375, 59.93018769230769]"
111,112,"[10.7064363, 59.92791930769231]","[10.715170325, 59.932456076923074]","[10.710803312500001, 59.93018769230769]"
112,113,"[10.697702275, 59.92791930769231]","[10.7064363, 59.932456076923074]","[10.702069287499999, 59.93018769230769]"
113,114,"[10.68896825, 59.92791930769231]","[10.697702275000001, 59.932456076923074]","[10.6933352625, 59.93018769230769]"
114,115,"[10.680234225, 59.92791930769231]","[10.68896825, 59.932456076923074]","[10.6846012375, 59.93018769230769]"
115,116,"[10.6715002, 59.92791930769231]","[10.680234225000001, 59.932456076923074]","[10.675867212500002, 59.93018769230769]"
116,117,"[10.662766175, 59.92791930769231]","[10.6715002, 59.932456076923074]","[10.6671331875, 59.93018769230769]"
117,118,"[10.654032149999999, 59.92791930769231]","[10.662766175, 59.932456076923074]","[10.6583991625, 59.93018769230769]"
118,119,"[10.819978625, 59.92338253846154]","[10.82871265, 59.92791930769231]","[10.824345637499999, 59.92565092307692]"
119,120,"[10.802510575, 59.92338253846154]","[10.8112446, 59.92791930769231]","[10.8068775875, 59.92565092307692]"
120,121,"[10.79377655, 59.92338253846154]","[10.802510575000001, 59.92791930769231]","[10.798143562500002, 59.92565092307692]"
121,122,"[10.785042525, 59.92338253846154]","[10.79377655, 59.92791930769231]","[10.7894095375, 59.92565092307692]"
122,123,"[10.776308499999999, 59.92338253846154]","[10.785042525, 59.92791930769231]","[10.7806755125, 59.92565092307692]"
123,124,"[10.767574475, 59.92338253846154]","[10.7763085, 59.92791930769231]","[10.771941487500001, 59.92565092307692]"
124,125,"[10.75884045, 59.92338253846154]","[10.767574475, 59.92791930769231]","[10.763207462499999, 59.92565092307692]"
125,126,"[10.750106425, 59.92338253846154]","[10.758840450000001, 59.92791930769231]","[10.7544734375, 59.92565092307692]"
126,127,"[10.7413724, 59.92338253846154]","[10.750106425, 59.92791930769231]","[10.7457394125, 59.92565092307692]"
127,128,"[10.732638375, 59.92338253846154]","[10.741372400000001, 59.92791930769231]","[10.737005387500002, 59.92565092307692]"
128,129,"[10.72390435, 59.92338253846154]","[10.732638375, 59.92791930769231]","[10.7282713625, 59.92565092307692]"
129,130,"[10.715170324999999, 59.92338253846154]","[10.72390435, 59.92791930769231]","[10.7195373375, 59.92565092307692]"
130,131,"[10.7064363, 59.92338253846154]","[10.715170325, 59.92791930769231]","[10.710803312500001, 59.92565092307692]"
131,132,"[10.68896825, 59.92338253846154]","[10.697702275000001, 59.92791930769231]","[10.6933352625, 59.92565092307692]"
132,133,"[10.680234225, 59.92338253846154]","[10.68896825, 59.92791930769231]","[10.6846012375, 59.92565092307692]"
133,134,"[10.6715002, 59.92338253846154]","[10.680234225000001, 59.92791930769231]","[10.675867212500002, 59.92565092307692]"
134,135,"[10.662766175, 59.92338253846154]","[10.6715002, 59.92791930769231]","[10.6671331875, 59.92565092307692]"
135,136,"[10.654032149999999, 59.92338253846154]","[10.662766175, 59.92791930769231]","[10.6583991625, 59.92565092307692]"
136,137,"[10.645298125, 59.92338253846154]","[10.65403215, 59.92791930769231]","[10.649665137500001, 59.92565092307692]"
137,138,"[10.819978625, 59.91884576923077]","[10.82871265, 59.92338253846154]","[10.824345637499999, 59.921114153846155]"
138,139,"[10.8112446, 59.91884576923077]","[10.819978625000001, 59.92338253846154]","[10.8156116125, 59.921114153846155]"
139,140,"[10.802510575, 59.91884576923077]","[10.8112446, 59.92338253846154]","[10.8068775875, 59.921114153846155]"
140,141,"[10.79377655, 59.91884576923077]","[10.802510575000001, 59.92338253846154]","[10.798143562500002, 59.921114153846155]"
141,142,"[10.785042525, 59.91884576923077]","[10.79377655, 59.92338253846154]","[10.7894095375, 59.921114153846155]"
142,143,"[10.776308499999999, 59.91884576923077]","[10.785042525, 59.92338253846154]","[10.7806755125, 59.921114153846155]"
143,144,"[10.767574475, 59.91884576923077]","[10.7763085, 59.92338253846154]","[10.771941487500001, 59.921114153846155]"
144,145,"[10.75884045, 59.91884576923077]","[10.767574475, 59.92338253846154]","[10.763207462499999, 59.921114153846155]"
145,146,"[10.750106425, 59.91884576923077]","[10.758840450000001, 59.92338253846154]","[10.7544734375, 59.921114153846155]"
146,147,"[10.7413724, 59.91884576923077]","[10.750106425, 59.92338253846154]","[10.7457394125, 59.921114153846155]"
147,148,"[10.732638375, 59.91884576923077]","[10.741372400000001, 59.92338253846154]","[10.737005387500002, 59.921114153846155]"
148,149,"[10.72390435, 59.91884576923077]","[10.732638375, 59.92338253846154]","[10.7282713625, 59.921114153846155]"
149,150,"[10.715170324999999, 59.91884576923077]","[10.72390435, 59.92338253846154]","[10.7195373375, 59.921114153846155]"
150,151,"[10.7064363, 59.91884576923077]","[10.715170325, 59.92338253846154]","[10.710803312500001, 59.921114153846155]"
151,152,"[10.697702275, 59.91884576923077]","[10.7064363, 59.92338253846154]","[10.702069287499999, 59.921114153846155]"
152,153,"[10.68896825, 59.91884576923077]","[10.697702275000001, 59.92338253846154]","[10.6933352625, 59.921114153846155]"
153,154,"[10.680234225, 59.91884576923077]","[10.68896825, 59.92338253846154]","[10.6846012375, 59.921114153846155]"
154,155,"[10.6715002, 59.91884576923077]","[10.680234225000001, 59.92338253846154]","[10.675867212500002, 59.921114153846155]"
155,156,"[10.662766175, 59.91884576923077]","[10.6715002, 59.92338253846154]","[10.6671331875, 59.921114153846155]"
156,157,"[10.654032149999999, 59.91884576923077]","[10.662766175, 59.92338253846154]","[10.6583991625, 59.921114153846155]"
157,158,"[10.645298125, 59.91884576923077]","[10.65403215, 59.92338253846154]","[10.649665137500001, 59.921114153846155]"
158,159,"[10.6365641, 59.91884576923077]","[10.645298125, 59.92338253846154]","[10.640931112499999, 59.921114153846155]"
159,160,"[10.627830075, 59.91884576923077]","[10.636564100000001, 59.92338253846154]","[10.6321970875, 59.921114153846155]"
160,161,"[10.819978625, 59.914308999999996]","[10.82871265, 59.918845769230764]","[10.824345637499999, 59.91657738461538]"
161,162,"[10.8112446, 59.914308999999996]","[10.819978625000001, 59.918845769230764]","[10.8156116125, 59.91657738461538]"
162,163,"[10.802510575, 59.914308999999996]","[10.8112446, 59.918845769230764]","[10.8068775875, 59.91657738461538]"
163,164,"[10.79377655, 59.914308999999996]","[10.802510575000001, 59.918845769230764]","[10.798143562500002, 59.91657738461538]"
164,165,"[10.785042525, 59.914308999999996]","[10.79377655, 59.918845769230764]","[10.7894095375, 59.91657738461538]"
165,166,"[10.776308499999999, 59.914308999999996]","[10.785042525, 59.918845769230764]","[10.7806755125, 59.91657738461538]"
166,167,"[10.767574475, 59.914308999999996]","[10.7763085, 59.918845769230764]","[10.771941487500001, 59.91657738461538]"
167,168,"[10.75884045, 59.914308999999996]","[10.767574475, 59.918845769230764]","[10.763207462499999, 59.91657738461538]"
168,169,"[10.750106425, 59.914308999999996]","[10.758840450000001, 59.918845769230764]","[10.7544734375, 59.91657738461538]"
169,170,"[10.7413724, 59.914308999999996]","[10.750106425, 59.918845769230764]","[10.7457394125, 59.91657738461538]"
170,171,"[10.732638375, 59.914308999999996]","[10.741372400000001, 59.918845769230764]","[10.737005387500002, 59.91657738461538]"
171,172,"[10.715170324999999, 59.914308999999996]","[10.72390435, 59.918845769230764]","[10.7195373375, 59.91657738461538]"
172,173,"[10.7064363, 59.914308999999996]","[10.715170325, 59.918845769230764]","[10.710803312500001, 59.91657738461538]"
173,174,"[10.697702275, 59.914308999999996]","[10.7064363, 59.918845769230764]","[10.702069287499999, 59.91657738461538]"
174,175,"[10.68896825, 59.914308999999996]","[10.697702275000001, 59.918845769230764]","[10.6933352625, 59.91657738461538]"
175,176,"[10.662766175, 59.914308999999996]","[10.6715002, 59.918845769230764]","[10.6671331875, 59.91657738461538]"
176,177,"[10.654032149999999, 59.914308999999996]","[10.662766175, 59.918845769230764]","[10.6583991625, 59.91657738461538]"
177,178,"[10.645298125, 59.914308999999996]","[10.65403215, 59.918845769230764]","[10.649665137500001, 59.91657738461538]"
178,179,"[10.6365641, 59.914308999999996]","[10.645298125, 59.918845769230764]","[10.640931112499999, 59.91657738461538]"
179,180,"[10.627830075, 59.914308999999996]","[10.636564100000001, 59.918845769230764]","[10.6321970875, 59.91657738461538]"
180,181,"[10.8112446, 59.90977223076923]","[10.819978625000001, 59.914308999999996]","[10.8156116125, 59.91204061538461]"
181,182,"[10.802510575, 59.90977223076923]","[10.8112446, 59.914308999999996]","[10.8068775875, 59.91204061538461]"
182,183,"[10.79377655, 59.90977223076923]","[10.802510575000001, 59.914308999999996]","[10.798143562500002, 59.91204061538461]"
183,184,"[10.785042525, 59.90977223076923]","[10.79377655, 59.914308999999996]","[10.7894095375, 59.91204061538461]"
184,185,"[10.776308499999999, 59.90977223076923]","[10.785042525, 59.914308999999996]","[10.7806755125, 59.91204061538461]"
185,186,"[10.767574475, 59.90977223076923]","[10.7763085, 59.914308999999996]","[10.771941487500001, 59.91204061538461]"
186,187,"[10.75884045, 59.90977223076923]","[10.767574475, 59.914308999999996]","[10.763207462499999, 59.91204061538461]"
187,188,"[10.750106425, 59.90977223076923]","[10.758840450000001, 59.914308999999996]","[10.7544734375, 59.91204061538461]"
188,189,"[10.7413724, 59.90977223076923]","[10.750106425, 59.914308999999996]","[10.7457394125, 59.91204061538461]"
189,190,"[10.72390435, 59.90977223076923]","[10.732638375, 59.914308999999996]","[10.7282713625, 59.91204061538461]"
190,191,"[10.715170324999999, 59.90977223076923]","[10.72390435, 59.914308999999996]","[10.7195373375, 59.91204061538461]"
191,192,"[10.7064363, 59.90977223076923]","[10.715170325, 59.914308999999996]","[10.710803312500001, 59.91204061538461]"
192,193,"[10.697702275, 59.90977223076923]","[10.7064363, 59.914308999999996]","[10.702069287499999, 59.91204061538461]"
193,194,"[10.6365641, 59.90977223076923]","[10.645298125, 59.914308999999996]","[10.640931112499999, 59.91204061538461]"
194,195,"[10.627830075, 59.90977223076923]","[10.636564100000001, 59.914308999999996]","[10.6321970875, 59.91204061538461]"
195,196,"[10.8112446, 59.90523546153846]","[10.819978625000001, 59.90977223076923]","[10.8156116125, 59.907503846153844]"
196,197,"[10.802510575, 59.90523546153846]","[10.8112446, 59.90977223076923]","[10.8068775875, 59.907503846153844]"
197,198,"[10.79377655, 59.90523546153846]","[10.802510575000001, 59.90977223076923]","[10.798143562500002, 59.907503846153844]"
198,199,"[10.785042525, 59.90523546153846]","[10.79377655, 59.90977223076923]","[10.7894095375, 59.907503846153844]"
199,200,"[10.776308499999999, 59.90523546153846]","[10.785042525, 59.90977223076923]","[10.7806755125, 59.907503846153844]"
200,201,"[10.767574475, 59.90523546153846]","[10.7763085, 59.90977223076923]","[10.771941487500001, 59.907503846153844]"
201,202,"[10.75884045, 59.90523546153846]","[10.767574475, 59.90977223076923]","[10.763207462499999, 59.907503846153844]"
202,203,"[10.7413724, 59.90523546153846]","[10.750106425, 59.90977223076923]","[10.7457394125, 59.907503846153844]"
203,204,"[10.61909605, 59.90523546153846]","[10.627830075, 59.90977223076923]","[10.6234630625, 59.907503846153844]"
204,205,"[10.802510575, 59.90069869230769]","[10.8112446, 59.90523546153846]","[10.8068775875, 59.902967076923076]"
205,206,"[10.79377655, 59.90069869230769]","[10.802510575000001, 59.90523546153846]","[10.798143562500002, 59.902967076923076]"
206,207,"[10.785042525, 59.90069869230769]","[10.79377655, 59.90523546153846]","[10.7894095375, 59.902967076923076]"
207,208,"[10.776308499999999, 59.90069869230769]","[10.785042525, 59.90523546153846]","[10.7806755125, 59.902967076923076]"
208,209,"[10.767574475, 59.90069869230769]","[10.7763085, 59.90523546153846]","[10.771941487500001, 59.902967076923076]"
209,210,"[10.75884045, 59.90069869230769]","[10.767574475, 59.90523546153846]","[10.763207462499999, 59.902967076923076]"
210,211,"[10.61909605, 59.90069869230769]","[10.627830075, 59.90523546153846]","[10.6234630625, 59.902967076923076]"
211,212,"[10.8112446, 59.896161923076924]","[10.819978625000001, 59.90069869230769]","[10.8156116125, 59.89843030769231]"
212,213,"[10.802510575, 59.896161923076924]","[10.8112446, 59.90069869230769]","[10.8068775875, 59.89843030769231]"
213,214,"[10.79377655, 59.896161923076924]","[10.802510575000001, 59.90069869230769]","[10.798143562500002, 59.89843030769231]"
214,215,"[10.785042525, 59.896161923076924]","[10.79377655, 59.90069869230769]","[10.7894095375, 59.89843030769231]"
215,216,"[10.776308499999999, 59.896161923076924]","[10.785042525, 59.90069869230769]","[10.7806755125, 59.89843030769231]"
216,217,"[10.627830075, 59.896161923076924]","[10.636564100000001, 59.90069869230769]","[10.6321970875, 59.89843030769231]"
217,218,"[10.61909605, 59.896161923076924]","[10.627830075, 59.90069869230769]","[10.6234630625, 59.89843030769231]"
218,219,"[10.819978625, 59.89162515384616]","[10.82871265, 59.896161923076924]","[10.824345637499999, 59.89389353846154]"
219,220,"[10.8112446, 59.89162515384616]","[10.819978625000001, 59.896161923076924]","[10.8156116125, 59.89389353846154]"
220,221,"[10.802510575, 59.89162515384616]","[10.8112446, 59.896161923076924]","[10.8068775875, 59.89389353846154]"
221,222,"[10.79377655, 59.89162515384616]","[10.802510575000001, 59.896161923076924]","[10.798143562500002, 59.89389353846154]"
222,223,"[10.785042525, 59.89162515384616]","[10.79377655, 59.896161923076924]","[10.7894095375, 59.89389353846154]"
223,224,"[10.776308499999999, 59.89162515384616]","[10.785042525, 59.896161923076924]","[10.7806755125, 59.89389353846154]"
224,225,"[10.627830075, 59.89162515384616]","[10.636564100000001, 59.896161923076924]","[10.6321970875, 59.89389353846154]"
225,226,"[10.79377655, 59.88708838461538]","[10.802510575000001, 59.89162515384615]","[10.798143562500002, 59.889356769230766]"
226,227,"[10.776308499999999, 59.88708838461538]","[10.785042525, 59.89162515384615]","[10.7806755125, 59.889356769230766]"
227,228,"[10.767574475, 59.88708838461538]","[10.7763085, 59.89162515384615]","[10.771941487500001, 59.889356769230766]"
228,229,"[10.802510575, 59.882551615384614]","[10.8112446, 59.88708838461538]","[10.8068775875, 59.88482]"
229,230,"[10.79377655, 59.882551615384614]","[10.802510575000001, 59.88708838461538]","[10.798143562500002, 59.88482]"
230,231,"[10.785042525, 59.882551615384614]","[10.79377655, 59.88708838461538]","[10.7894095375, 59.88482]"
231,232,"[10.776308499999999, 59.882551615384614]","[10.785042525, 59.88708838461538]","[10.7806755125, 59.88482]"
232,233,"[10.819978625, 59.878014846153846]","[10.82871265, 59.882551615384614]","[10.824345637499999, 59.88028323076923]"
233,234,"[10.802510575, 59.878014846153846]","[10.8112446, 59.882551615384614]","[10.8068775875, 59.88028323076923]"
234,235,"[10.79377655, 59.878014846153846]","[10.802510575000001, 59.882551615384614]","[10.798143562500002, 59.88028323076923]"
235,236,"[10.785042525, 59.878014846153846]","[10.79377655, 59.882551615384614]","[10.7894095375, 59.88028323076923]"
236,237,"[10.776308499999999, 59.878014846153846]","[10.785042525, 59.882551615384614]","[10.7806755125, 59.88028323076923]"
237,238,"[10.819978625, 59.87347807692308]","[10.82871265, 59.878014846153846]","[10.824345637499999, 59.87574646153846]"
238,239,"[10.8112446, 59.87347807692308]","[10.819978625000001, 59.878014846153846]","[10.8156116125, 59.87574646153846]"
239,240,"[10.802510575, 59.87347807692308]","[10.8112446, 59.878014846153846]","[10.8068775875, 59.87574646153846]"
240,241,"[10.79377655, 59.87347807692308]","[10.802510575000001, 59.878014846153846]","[10.798143562500002, 59.87574646153846]"
241,242,"[10.785042525, 59.87347807692308]","[10.79377655, 59.878014846153846]","[10.7894095375, 59.87574646153846]"
242,243,"[10.776308499999999, 59.87347807692308]","[10.785042525, 59.878014846153846]","[10.7806755125, 59.87574646153846]"
243,244,"[10.819978625, 59.86894130769231]","[10.82871265, 59.87347807692308]","[10.824345637499999, 59.871209692307694]"
244,245,"[10.8112446, 59.86894130769231]","[10.819978625000001, 59.87347807692308]","[10.8156116125, 59.871209692307694]"
245,246,"[10.802510575, 59.86894130769231]","[10.8112446, 59.87347807692308]","[10.8068775875, 59.871209692307694]"
246,247,"[10.785042525, 59.86894130769231]","[10.79377655, 59.87347807692308]","[10.7894095375, 59.871209692307694]"
247,248,"[10.819978625, 59.864404538461535]","[10.82871265, 59.8689413076923]","[10.824345637499999, 59.86667292307692]"
248,249,"[10.8112446, 59.864404538461535]","[10.819978625000001, 59.8689413076923]","[10.8156116125, 59.86667292307692]"
249,250,"[10.802510575, 59.864404538461535]","[10.8112446, 59.8689413076923]","[10.8068775875, 59.86667292307692]"
250,251,"[10.79377655, 59.864404538461535]","[10.802510575000001, 59.8689413076923]","[10.798143562500002, 59.86667292307692]"
251,252,"[10.8112446, 59.85986776923077]","[10.819978625000001, 59.864404538461535]","[10.8156116125, 59.86213615384615]"
252,253,"[10.802510575, 59.85986776923077]","[10.8112446, 59.864404538461535]","[10.8068775875, 59.86213615384615]"
253,254,"[10.79377655, 59.85986776923077]","[10.802510575000001, 59.864404538461535]","[10.798143562500002, 59.86213615384615]"
